{"type": "FeatureCollection", "features": [{"type": "Feature", "geometry": {"type": "LineString", "coordinates": [[88.393, 22.465], [88.376, 22.483], [88.387, 22.479], [88.371, 22.497], [88.368, 22.504], [88.365, 22.513], [88.366, 22.517], [88.3638, 22.5275], [88.3626595, 22.5342517], [88.356, 22.538], [88.349, 22.536], [88.347, 22.544], [88.346, 22.553], [88.352, 22.553], [88.351, 22.5645], [88.3486, 22.5697]]}, "properties": {"id": "Garia Bus Stand BBD Bag Mini|BBD Bag|mini", "code": "Garia Bus Stand BBD Bag Mini", "kind": "mini", "scope": "local", "towards": "BBD Bag", "directional": true, "stop_count": 16, "geocoded_stops": 16, "coverage": 1.0, "geom_source": "straight", "stops": [{"name": "Garia Bus Stand", "sequence": 1, "lat": 22.465, "lng": 88.393}, {"name": "Ramgarh", "sequence": 2, "lat": 22.483, "lng": 88.376}, {"name": "Baghajatin", "sequence": 3, "lat": 22.479, "lng": 88.387}, {"name": "Jadavpur 8B", "sequence": 4, "lat": 22.497, "lng": 88.371}, {"name": "Dhakuria", "sequence": 5, "lat": 22.504, "lng": 88.368}, {"name": "Golpark", "sequence": 6, "lat": 22.513, "lng": 88.365}, {"name": "Gariahat", "sequence": 7, "lat": 22.517, "lng": 88.366}, {"name": "Ballygunge Phari", "sequence": 8, "lat": 22.5275, "lng": 88.3638}, {"name": "Gurusaday Road", "sequence": 9, "lat": 22.5342517, "lng": 88.3626595}, {"name": "Beck Bagan", "sequence": 10, "lat": 22.538, "lng": 88.356}, {"name": "Minto Park", "sequence": 11, "lat": 22.536, "lng": 88.349}, {"name": "Rabindra Sadan", "sequence": 12, "lat": 22.544, "lng": 88.347}, {"name": "Maidan", "sequence": 13, "lat": 22.553, "lng": 88.346}, {"name": "Park Street", "sequence": 14, "lat": 22.553, "lng": 88.352}, {"name": "Esplanade", "sequence": 15, "lat": 22.5645, "lng": 88.351}, {"name": "BBD Bag", "sequence": 16, "lat": 22.5697, "lng": 88.3486}], "origin": "Garia Bus Stand", "destination": "BBD Bag"}}, {"type": "Feature", "geometry": {"type": "LineString", "coordinates": [[88.394, 22.464], [88.3955, 22.466], [88.394, 22.472], [88.3946916, 22.48113485], [88.3953832, 22.4902697], [88.399, 22.498], [88.4006497, 22.5046476], [88.401, 22.513], [88.3958619, 22.5310204], [88.395, 22.54], [88.39, 22.554], [88.367, 22.539], [88.356, 22.538], [88.349, 22.536], [88.347, 22.544], [88.346, 22.553], [88.352, 22.553], [88.351, 22.5645], [88.3486, 22.5697]]}, "properties": {"id": "Garia Station BBD Bag Mini|BBD Bag|mini", "code": "Garia Station BBD Bag Mini", "kind": "mini", "scope": "local", "towards": "BBD Bag", "directional": true, "stop_count": 20, "geocoded_stops": 19, "coverage": 0.95, "geom_source": "straight", "stops": [{"name": "Garia Station", "sequence": 1, "lat": 22.464, "lng": 88.394}, {"name": "Dhalai Bridge", "sequence": 2, "lat": 22.466, "lng": 88.3955}, {"name": "Patuli", "sequence": 3, "lat": 22.472, "lng": 88.394}, {"name": "Hiland Park", "sequence": 4, "lat": 22.48113485, "lng": 88.3946916}, {"name": "Ajaynagar", "sequence": 5, "lat": 22.4902697, "lng": 88.3953832}, {"name": "Mukundapur", "sequence": 6, "lat": 22.498, "lng": 88.399}, {"name": "Kalikapur", "sequence": 7, "lat": 22.5046476, "lng": 88.4006497}, {"name": "Ruby", "sequence": 8, "lat": 22.513, "lng": 88.401}, {"name": "Uttar Panchannagram", "sequence": 10, "lat": 22.5310204, "lng": 88.3958619}, {"name": "Science City", "sequence": 11, "lat": 22.54, "lng": 88.395}, {"name": "Topsia", "sequence": 12, "lat": 22.554, "lng": 88.39}, {"name": "Park Circus", "sequence": 13, "lat": 22.539, "lng": 88.367}, {"name": "Beck Bagan", "sequence": 14, "lat": 22.538, "lng": 88.356}, {"name": "Minto Park", "sequence": 15, "lat": 22.536, "lng": 88.349}, {"name": "Rabindra Sadan", "sequence": 16, "lat": 22.544, "lng": 88.347}, {"name": "Maidan", "sequence": 17, "lat": 22.553, "lng": 88.346}, {"name": "Park Street", "sequence": 18, "lat": 22.553, "lng": 88.352}, {"name": "Esplanade", "sequence": 19, "lat": 22.5645, "lng": 88.351}, {"name": "BBD Bag", "sequence": 20, "lat": 22.5697, "lng": 88.3486}], "origin": "Garia Station", "destination": "BBD Bag"}}, {"type": "Feature", "geometry": {"type": "LineString", "coordinates": [[88.371, 22.497], [88.368, 22.504], [88.365, 22.513], [88.366, 22.517], [88.3638, 22.5275], [88.3626595, 22.5342517], [88.356, 22.538], [88.349, 22.536], [88.347, 22.544], [88.346, 22.553], [88.352, 22.553], [88.351, 22.5645], [88.3486, 22.5697]]}, "properties": {"id": "Jadavpur 8B BBD Bag Mini|BBD Bag|mini", "code": "Jadavpur 8B BBD Bag Mini", "kind": "mini", "scope": "local", "towards": "BBD Bag", "directional": true, "stop_count": 13, "geocoded_stops": 13, "coverage": 1.0, "geom_source": "straight", "stops": [{"name": "Jadavpur 8B", "sequence": 1, "lat": 22.497, "lng": 88.371}, {"name": "Dhakuria", "sequence": 2, "lat": 22.504, "lng": 88.368}, {"name": "Golpark", "sequence": 3, "lat": 22.513, "lng": 88.365}, {"name": "Gariahat", "sequence": 4, "lat": 22.517, "lng": 88.366}, {"name": "Ballygunge Phari", "sequence": 5, "lat": 22.5275, "lng": 88.3638}, {"name": "Gurusaday Road", "sequence": 6, "lat": 22.5342517, "lng": 88.3626595}, {"name": "Beck Bagan", "sequence": 7, "lat": 22.538, "lng": 88.356}, {"name": "Minto Park", "sequence": 8, "lat": 22.536, "lng": 88.349}, {"name": "Rabindra Sadan", "sequence": 9, "lat": 22.544, "lng": 88.347}, {"name": "Maidan", "sequence": 10, "lat": 22.553, "lng": 88.346}, {"name": "Park Street", "sequence": 11, "lat": 22.553, "lng": 88.352}, {"name": "Esplanade", "sequence": 12, "lat": 22.5645, "lng": 88.351}, {"name": "BBD Bag", "sequence": 13, "lat": 22.5697, "lng": 88.3486}], "origin": "Jadavpur 8B", "destination": "BBD Bag"}}, {"type": "Feature", "geometry": {"type": "LineString", "coordinates": [[88.3635, 22.5055], [88.368, 22.504], [88.365, 22.513], [88.366, 22.517], [88.3638, 22.5275], [88.3626595, 22.5342517], [88.356, 22.538], [88.349, 22.536], [88.347, 22.544], [88.346, 22.553], [88.352, 22.553], [88.351, 22.5645], [88.3486, 22.5697]]}, "properties": {"id": "Jodhpur Park BBD Bag Mini|BBD Bag|mini", "code": "Jodhpur Park BBD Bag Mini", "kind": "mini", "scope": "local", "towards": "BBD Bag", "directional": true, "stop_count": 13, "geocoded_stops": 13, "coverage": 1.0, "geom_source": "straight", "stops": [{"name": "Jodhpur Park", "sequence": 1, "lat": 22.5055, "lng": 88.3635}, {"name": "Dhakuria", "sequence": 2, "lat": 22.504, "lng": 88.368}, {"name": "Golpark", "sequence": 3, "lat": 22.513, "lng": 88.365}, {"name": "Gariahat", "sequence": 4, "lat": 22.517, "lng": 88.366}, {"name": "Ballygunge Phari", "sequence": 5, "lat": 22.5275, "lng": 88.3638}, {"name": "Gurusaday Road", "sequence": 6, "lat": 22.5342517, "lng": 88.3626595}, {"name": "Beck Bagan", "sequence": 7, "lat": 22.538, "lng": 88.356}, {"name": "Minto Park", "sequence": 8, "lat": 22.536, "lng": 88.349}, {"name": "Rabindra Sadan", "sequence": 9, "lat": 22.544, "lng": 88.347}, {"name": "Maidan", "sequence": 10, "lat": 22.553, "lng": 88.346}, {"name": "Park Street", "sequence": 11, "lat": 22.553, "lng": 88.352}, {"name": "Esplanade", "sequence": 12, "lat": 22.5645, "lng": 88.351}, {"name": "BBD Bag", "sequence": 13, "lat": 22.5697, "lng": 88.3486}], "origin": "Jodhpur Park", "destination": "BBD Bag"}}, {"type": "Feature", "geometry": {"type": "LineString", "coordinates": [[88.406, 22.474], [88.399, 22.498], [88.4, 22.51], [88.3953832, 22.4902697], [88.378, 22.487], [88.371, 22.497], [88.368, 22.504], [88.365, 22.513], [88.366, 22.517], [88.3638, 22.5275], [88.3626595, 22.5342517], [88.356, 22.538], [88.349, 22.536], [88.347, 22.544], [88.346, 22.553], [88.352, 22.553], [88.351, 22.5645], [88.3486, 22.5697]]}, "properties": {"id": "Santoshpur BBD Bag Mini|BBD Bag|mini", "code": "Santoshpur BBD Bag Mini", "kind": "mini", "scope": "local", "towards": "BBD Bag", "directional": true, "stop_count": 19, "geocoded_stops": 18, "coverage": 0.947, "geom_source": "straight", "stops": [{"name": "Nayabad", "sequence": 2, "lat": 22.474, "lng": 88.406}, {"name": "Mukundapur", "sequence": 3, "lat": 22.498, "lng": 88.399}, {"name": "EM Bypass", "sequence": 4, "lat": 22.51, "lng": 88.4}, {"name": "Ajaynagar", "sequence": 5, "lat": 22.4902697, "lng": 88.3953832}, {"name": "Santoshpur", "sequence": 6, "lat": 22.487, "lng": 88.378}, {"name": "Jadavpur 8B", "sequence": 7, "lat": 22.497, "lng": 88.371}, {"name": "Dhakuria", "sequence": 8, "lat": 22.504, "lng": 88.368}, {"name": "Golpark", "sequence": 9, "lat": 22.513, "lng": 88.365}, {"name": "Gariahat", "sequence": 10, "lat": 22.517, "lng": 88.366}, {"name": "Ballygunge Phari", "sequence": 11, "lat": 22.5275, "lng": 88.3638}, {"name": "Gurusaday Road", "sequence": 12, "lat": 22.5342517, "lng": 88.3626595}, {"name": "Beck Bagan", "sequence": 13, "lat": 22.538, "lng": 88.356}, {"name": "Minto Park", "sequence": 14, "lat": 22.536, "lng": 88.349}, {"name": "Rabindra Sadan", "sequence": 15, "lat": 22.544, "lng": 88.347}, {"name": "Maidan", "sequence": 16, "lat": 22.553, "lng": 88.346}, {"name": "Park Street", "sequence": 17, "lat": 22.553, "lng": 88.352}, {"name": "Esplanade", "sequence": 18, "lat": 22.5645, "lng": 88.351}, {"name": "BBD Bag", "sequence": 19, "lat": 22.5697, "lng": 88.3486}], "origin": "Daspara", "destination": "BBD Bag"}}, {"type": "Feature", "geometry": {"type": "LineString", "coordinates": [[88.403, 22.509], [88.401, 22.513], [88.3928, 22.5247], [88.391, 22.518], [88.3862, 22.5155], [88.365, 22.529], [88.366, 22.517], [88.3638, 22.5275], [88.3591029, 22.5256252], [88.348, 22.524], [88.35, 22.525], [88.349, 22.536], [88.347, 22.544], [88.346, 22.553], [88.352, 22.553], [88.351, 22.5645], [88.3486, 22.5697], [88.353, 22.576], [88.3426, 22.5838]]}, "properties": {"id": "Anandapur Howrah Station Mini|Howrah Station|mini", "code": "Anandapur Howrah Station Mini", "kind": "mini", "scope": "local", "towards": "Howrah Station", "directional": true, "stop_count": 19, "geocoded_stops": 19, "coverage": 1.0, "geom_source": "straight", "stops": [{"name": "Anandapur", "sequence": 1, "lat": 22.509, "lng": 88.403}, {"name": "Ruby", "sequence": 2, "lat": 22.513, "lng": 88.401}, {"name": "Acropolis Mall", "sequence": 3, "lat": 22.5247, "lng": 88.3928}, {"name": "Bosepukur", "sequence": 4, "lat": 22.518, "lng": 88.391}, {"name": "Kasba PS", "sequence": 5, "lat": 22.5155, "lng": 88.3862}, {"name": "Ballygunge Station", "sequence": 6, "lat": 22.529, "lng": 88.365}, {"name": "Gariahat", "sequence": 7, "lat": 22.517, "lng": 88.366}, {"name": "Ballygunge Phari", "sequence": 8, "lat": 22.5275, "lng": 88.3638}, {"name": "Garcha Road", "sequence": 9, "lat": 22.5256252, "lng": 88.3591029}, {"name": "Sishu Mangal", "sequence": 10, "lat": 22.524, "lng": 88.348}, {"name": "Lansdowne", "sequence": 11, "lat": 22.525, "lng": 88.35}, {"name": "Minto Park", "sequence": 12, "lat": 22.536, "lng": 88.349}, {"name": "Rabindra Sadan", "sequence": 13, "lat": 22.544, "lng": 88.347}, {"name": "Maidan", "sequence": 14, "lat": 22.553, "lng": 88.346}, {"name": "Park Street", "sequence": 15, "lat": 22.553, "lng": 88.352}, {"name": "Esplanade", "sequence": 16, "lat": 22.5645, "lng": 88.351}, {"name": "BBD Bag", "sequence": 17, "lat": 22.5697, "lng": 88.3486}, {"name": "Barabazar", "sequence": 18, "lat": 22.576, "lng": 88.353}, {"name": "Howrah Station", "sequence": 19, "lat": 22.5838, "lng": 88.3426}], "origin": "Anandapur", "destination": "Howrah Station"}}, {"type": "Feature", "geometry": {"type": "LineString", "coordinates": [[88.403, 22.509], [88.401, 22.513], [88.3928, 22.5247], [88.391, 22.518], [88.3862, 22.5155], [88.365, 22.529], [88.366, 22.517], [88.356, 22.522], [88.353, 22.514], [88.343, 22.518], [88.345, 22.526], [88.345, 22.53], [88.347, 22.544], [88.346, 22.553], [88.352, 22.553], [88.351, 22.5645], [88.3486, 22.5697], [88.353, 22.576], [88.3426, 22.5838]]}, "properties": {"id": "Anandapur Howrah Station Mini|Howrah Station|mini", "code": "Anandapur Howrah Station Mini", "kind": "mini", "scope": "local", "towards": "Howrah Station", "directional": true, "stop_count": 19, "geocoded_stops": 19, "coverage": 1.0, "geom_source": "straight", "stops": [{"name": "Anandapur", "sequence": 1, "lat": 22.509, "lng": 88.403}, {"name": "Ruby", "sequence": 2, "lat": 22.513, "lng": 88.401}, {"name": "Acropolis Mall", "sequence": 3, "lat": 22.5247, "lng": 88.3928}, {"name": "Bosepukur", "sequence": 4, "lat": 22.518, "lng": 88.391}, {"name": "Kasba PS", "sequence": 5, "lat": 22.5155, "lng": 88.3862}, {"name": "Ballygunge Station", "sequence": 6, "lat": 22.529, "lng": 88.365}, {"name": "Gariahat", "sequence": 7, "lat": 22.517, "lng": 88.366}, {"name": "Deshapriya Park", "sequence": 8, "lat": 22.522, "lng": 88.356}, {"name": "Rashbehari", "sequence": 9, "lat": 22.514, "lng": 88.353}, {"name": "Kalighat", "sequence": 10, "lat": 22.518, "lng": 88.343}, {"name": "Hazra", "sequence": 11, "lat": 22.526, "lng": 88.345}, {"name": "Bhowanipore", "sequence": 12, "lat": 22.53, "lng": 88.345}, {"name": "Rabindra Sadan", "sequence": 13, "lat": 22.544, "lng": 88.347}, {"name": "Maidan", "sequence": 14, "lat": 22.553, "lng": 88.346}, {"name": "Park Street", "sequence": 15, "lat": 22.553, "lng": 88.352}, {"name": "Esplanade", "sequence": 16, "lat": 22.5645, "lng": 88.351}, {"name": "BBD Bag", "sequence": 17, "lat": 22.5697, "lng": 88.3486}, {"name": "Barabazar", "sequence": 18, "lat": 22.576, "lng": 88.353}, {"name": "Howrah Station", "sequence": 19, "lat": 22.5838, "lng": 88.3426}], "origin": "Anandapur", "destination": "Howrah Station"}}, {"type": "Feature", "geometry": {"type": "LineString", "coordinates": [[88.387, 22.516], [88.365, 22.529], [88.366, 22.517], [88.3638, 22.5275], [88.3638, 22.5275], [88.367, 22.539], [88.362, 22.543], [88.368, 22.561], [88.359, 22.563], [88.352, 22.567], [88.351, 22.5645], [88.3486, 22.5697], [88.353, 22.576], [88.3426, 22.5838]]}, "properties": {"id": "Kasba Rathtala Howrah Station Mini|Howrah Station|mini", "code": "Kasba Rathtala Howrah Station Mini", "kind": "mini", "scope": "local", "towards": "Howrah Station", "directional": true, "stop_count": 15, "geocoded_stops": 14, "coverage": 0.933, "geom_source": "straight", "stops": [{"name": "Kasba Post Office", "sequence": 2, "lat": 22.516, "lng": 88.387}, {"name": "Ballygunge Station", "sequence": 3, "lat": 22.529, "lng": 88.365}, {"name": "Gariahat", "sequence": 4, "lat": 22.517, "lng": 88.366}, {"name": "Ballygunge Phari", "sequence": 5, "lat": 22.5275, "lng": 88.3638}, {"name": "Quest Mall", "sequence": 6, "lat": 22.5275, "lng": 88.3638}, {"name": "Park Circus", "sequence": 7, "lat": 22.539, "lng": 88.367}, {"name": "Mallick Bazar", "sequence": 8, "lat": 22.543, "lng": 88.362}, {"name": "Moulali", "sequence": 9, "lat": 22.561, "lng": 88.368}, {"name": "Wellington", "sequence": 10, "lat": 22.563, "lng": 88.359}, {"name": "Chandni Chowk", "sequence": 11, "lat": 22.567, "lng": 88.352}, {"name": "Esplanade", "sequence": 12, "lat": 22.5645, "lng": 88.351}, {"name": "BBD Bag", "sequence": 13, "lat": 22.5697, "lng": 88.3486}, {"name": "Barabazar", "sequence": 14, "lat": 22.576, "lng": 88.353}, {"name": "Howrah Station", "sequence": 15, "lat": 22.5838, "lng": 88.3426}], "origin": "Kasba Rathtala", "destination": "Howrah Station"}}, {"type": "Feature", "geometry": {"type": "LineString", "coordinates": [[88.365, 22.529], [88.366, 22.517], [88.3638, 22.5275], [88.3626595, 22.5342517], [88.356, 22.538], [88.349, 22.536], [88.347, 22.544], [88.346, 22.553], [88.352, 22.553], [88.351, 22.5645], [88.3486, 22.5697]]}, "properties": {"id": "Ballygunge Station BBD Bag Mini|BBD Bag|mini", "code": "Ballygunge Station BBD Bag Mini", "kind": "mini", "scope": "local", "towards": "BBD Bag", "directional": true, "stop_count": 11, "geocoded_stops": 11, "coverage": 1.0, "geom_source": "straight", "stops": [{"name": "Ballygunge Station", "sequence": 1, "lat": 22.529, "lng": 88.365}, {"name": "Gariahat", "sequence": 2, "lat": 22.517, "lng": 88.366}, {"name": "Ballygunge Phari", "sequence": 3, "lat": 22.5275, "lng": 88.3638}, {"name": "Gurusaday Road", "sequence": 4, "lat": 22.5342517, "lng": 88.3626595}, {"name": "Beck Bagan", "sequence": 5, "lat": 22.538, "lng": 88.356}, {"name": "Minto Park", "sequence": 6, "lat": 22.536, "lng": 88.349}, {"name": "Rabindra Sadan", "sequence": 7, "lat": 22.544, "lng": 88.347}, {"name": "Maidan", "sequence": 8, "lat": 22.553, "lng": 88.346}, {"name": "Park Street", "sequence": 9, "lat": 22.553, "lng": 88.352}, {"name": "Esplanade", "sequence": 10, "lat": 22.5645, "lng": 88.351}, {"name": "BBD Bag", "sequence": 11, "lat": 22.5697, "lng": 88.3486}], "origin": "Ballygunge Station", "destination": "BBD Bag"}}, {"type": "Feature", "geometry": {"type": "LineString", "coordinates": [[88.363, 22.493], [88.349, 22.502], [88.3548, 22.5053], [88.3617, 22.5017], [88.369, 22.496], [88.368, 22.504], [88.365, 22.513], [88.366, 22.517], [88.3638, 22.5275], [88.3638, 22.5275], [88.367, 22.539], [88.3466423, 22.5252694], [88.35732114999999, 22.5431347], [88.368, 22.561], [88.359, 22.563], [88.352, 22.567], [88.351, 22.5645], [88.3486, 22.5697], [88.353, 22.576], [88.3426, 22.5838]]}, "properties": {"id": "Golf Green Howrah Station Mini|Howrah Station|mini", "code": "Golf Green Howrah Station Mini", "kind": "mini", "scope": "local", "towards": "Howrah Station", "directional": true, "stop_count": 20, "geocoded_stops": 20, "coverage": 1.0, "geom_source": "straight", "stops": [{"name": "Golf Green", "sequence": 1, "lat": 22.493, "lng": 88.363}, {"name": "Doordarshan Bhawan", "sequence": 2, "lat": 22.502, "lng": 88.349}, {"name": "Lake Gardens", "sequence": 3, "lat": 22.5053, "lng": 88.3548}, {"name": "South City", "sequence": 4, "lat": 22.5017, "lng": 88.3617}, {"name": "Jadavpur PS", "sequence": 5, "lat": 22.496, "lng": 88.369}, {"name": "Dhakuria", "sequence": 6, "lat": 22.504, "lng": 88.368}, {"name": "Golpark", "sequence": 7, "lat": 22.513, "lng": 88.365}, {"name": "Gariahat", "sequence": 8, "lat": 22.517, "lng": 88.366}, {"name": "Ballygunge Phari", "sequence": 9, "lat": 22.5275, "lng": 88.3638}, {"name": "Quest Mall", "sequence": 10, "lat": 22.5275, "lng": 88.3638}, {"name": "Park Circus", "sequence": 11, "lat": 22.539, "lng": 88.367}, {"name": "Chittaranjan Hospital", "sequence": 12, "lat": 22.5252694, "lng": 88.3466423}, {"name": "CIT Road", "sequence": 13, "lat": 22.5431347, "lng": 88.35732114999999}, {"name": "Moulali", "sequence": 14, "lat": 22.561, "lng": 88.368}, {"name": "Wellington", "sequence": 15, "lat": 22.563, "lng": 88.359}, {"name": "Chandni Chowk", "sequence": 16, "lat": 22.567, "lng": 88.352}, {"name": "Esplanade", "sequence": 17, "lat": 22.5645, "lng": 88.351}, {"name": "BBD Bag", "sequence": 18, "lat": 22.5697, "lng": 88.3486}, {"name": "Barabazar", "sequence": 19, "lat": 22.576, "lng": 88.353}, {"name": "Howrah Station", "sequence": 20, "lat": 22.5838, "lng": 88.3426}], "origin": "Golf Green", "destination": "Howrah Station"}}, {"type": "Feature", "geometry": {"type": "LineString", "coordinates": [[88.394, 22.464], [88.3955, 22.466], [88.397, 22.468], [88.376, 22.476], [88.365, 22.48], [88.352, 22.488], [88.35, 22.491], [88.348, 22.495], [88.3473, 22.4988], [88.353, 22.507], [88.353, 22.514], [88.343, 22.518], [88.345, 22.526], [88.345, 22.53], [88.347, 22.544], [88.346, 22.553], [88.352, 22.553], [88.351, 22.5645], [88.3486, 22.5697], [88.353, 22.576], [88.3426, 22.5838]]}, "properties": {"id": "Garia Station Howrah Station Mini|Howrah Station|mini", "code": "Garia Station Howrah Station Mini", "kind": "mini", "scope": "local", "towards": "Howrah Station", "directional": true, "stop_count": 21, "geocoded_stops": 21, "coverage": 1.0, "geom_source": "straight", "stops": [{"name": "Garia Station", "sequence": 1, "lat": 22.464, "lng": 88.394}, {"name": "Dhalai Bridge", "sequence": 2, "lat": 22.466, "lng": 88.3955}, {"name": "Garia Metro", "sequence": 3, "lat": 22.468, "lng": 88.397}, {"name": "Naktala", "sequence": 4, "lat": 22.476, "lng": 88.376}, {"name": "Bansdroni", "sequence": 5, "lat": 22.48, "lng": 88.365}, {"name": "Netaji Nagar", "sequence": 6, "lat": 22.488, "lng": 88.352}, {"name": "Ranikuthi", "sequence": 7, "lat": 22.491, "lng": 88.35}, {"name": "Malancha Cinema", "sequence": 8, "lat": 22.495, "lng": 88.348}, {"name": "Tollygunge Metro", "sequence": 9, "lat": 22.4988, "lng": 88.3473}, {"name": "Rabindra Sarovar", "sequence": 10, "lat": 22.507, "lng": 88.353}, {"name": "Rashbehari", "sequence": 11, "lat": 22.514, "lng": 88.353}, {"name": "Kalighat", "sequence": 12, "lat": 22.518, "lng": 88.343}, {"name": "Hazra", "sequence": 13, "lat": 22.526, "lng": 88.345}, {"name": "Bhowanipore", "sequence": 14, "lat": 22.53, "lng": 88.345}, {"name": "Rabindra Sadan", "sequence": 15, "lat": 22.544, "lng": 88.347}, {"name": "Maidan", "sequence": 16, "lat": 22.553, "lng": 88.346}, {"name": "Park Street", "sequence": 17, "lat": 22.553, "lng": 88.352}, {"name": "Esplanade", "sequence": 18, "lat": 22.5645, "lng": 88.351}, {"name": "BBD Bag", "sequence": 19, "lat": 22.5697, "lng": 88.3486}, {"name": "Barabazar", "sequence": 20, "lat": 22.576, "lng": 88.353}, {"name": "Howrah Station", "sequence": 21, "lat": 22.5838, "lng": 88.3426}], "origin": "Garia Station", "destination": "Howrah Station"}}, {"type": "Feature", "geometry": {"type": "LineString", "coordinates": [[88.36478663333334, 22.713952133333333], [88.37262704166668, 22.669896591666664], [88.38046745, 22.62584105], [88.3902624, 22.4467803], [88.3936312, 22.457390150000002], [88.397, 22.468], [88.376, 22.476], [88.365, 22.48], [88.352, 22.488], [88.35, 22.491], [88.348, 22.495], [88.3473, 22.4988], [88.353, 22.507], [88.353, 22.514], [88.343, 22.518], [88.345, 22.526], [88.345, 22.53], [88.347, 22.544], [88.346, 22.553], [88.352, 22.553], [88.351, 22.5645], [88.3486, 22.5697], [88.353, 22.576], [88.3426, 22.5838]]}, "properties": {"id": "Harinavi Howrah Station Mini|Howrah Station|mini", "code": "Harinavi Howrah Station Mini", "kind": "mini", "scope": "local", "towards": "Howrah Station", "directional": true, "stop_count": 24, "geocoded_stops": 24, "coverage": 1.0, "geom_source": "straight", "stops": [{"name": "Harinavi", "sequence": 1, "lat": 22.713952133333333, "lng": 88.36478663333334}, {"name": "Rajpur Bazar", "sequence": 2, "lat": 22.669896591666664, "lng": 88.37262704166668}, {"name": "Narendrapur", "sequence": 3, "lat": 22.62584105, "lng": 88.38046745}, {"name": "Kamalgazi", "sequence": 4, "lat": 22.4467803, "lng": 88.3902624}, {"name": "Mahamayatala", "sequence": 5, "lat": 22.457390150000002, "lng": 88.3936312}, {"name": "Garia Metro", "sequence": 6, "lat": 22.468, "lng": 88.397}, {"name": "Naktala", "sequence": 7, "lat": 22.476, "lng": 88.376}, {"name": "Bansdroni", "sequence": 8, "lat": 22.48, "lng": 88.365}, {"name": "Netaji Nagar", "sequence": 9, "lat": 22.488, "lng": 88.352}, {"name": "Ranikuthi", "sequence": 10, "lat": 22.491, "lng": 88.35}, {"name": "Malancha Cinema", "sequence": 11, "lat": 22.495, "lng": 88.348}, {"name": "Tollygunge Metro", "sequence": 12, "lat": 22.4988, "lng": 88.3473}, {"name": "Rabindra Sarovar", "sequence": 13, "lat": 22.507, "lng": 88.353}, {"name": "Rashbehari", "sequence": 14, "lat": 22.514, "lng": 88.353}, {"name": "Kalighat", "sequence": 15, "lat": 22.518, "lng": 88.343}, {"name": "Hazra", "sequence": 16, "lat": 22.526, "lng": 88.345}, {"name": "Bhowanipore", "sequence": 17, "lat": 22.53, "lng": 88.345}, {"name": "Rabindra Sadan", "sequence": 18, "lat": 22.544, "lng": 88.347}, {"name": "Maidan", "sequence": 19, "lat": 22.553, "lng": 88.346}, {"name": "Park Street", "sequence": 20, "lat": 22.553, "lng": 88.352}, {"name": "Esplanade", "sequence": 21, "lat": 22.5645, "lng": 88.351}, {"name": "BBD Bag", "sequence": 22, "lat": 22.5697, "lng": 88.3486}, {"name": "Barabazar", "sequence": 23, "lat": 22.576, "lng": 88.353}, {"name": "Howrah Station", "sequence": 24, "lat": 22.5838, "lng": 88.3426}], "origin": "Harinavi", "destination": "Howrah Station"}}, {"type": "Feature", "geometry": {"type": "LineString", "coordinates": [[88.311, 22.498], [88.317, 22.506], [88.321, 22.523], [88.327, 22.531], [88.337, 22.531], [88.3395, 22.5335], [88.332, 22.536], [88.34049999999999, 22.5455], [88.341, 22.554], [88.351, 22.5645], [88.3486, 22.5697], [88.353, 22.576], [88.3426, 22.5838]]}, "properties": {"id": "Behala Chowrasta Howrah Station Mini|Howrah Station|mini", "code": "Behala Chowrasta Howrah Station Mini", "kind": "mini", "scope": "local", "towards": "Howrah Station", "directional": true, "stop_count": 13, "geocoded_stops": 13, "coverage": 1.0, "geom_source": "straight", "stops": [{"name": "Behala Chowrasta", "sequence": 1, "lat": 22.498, "lng": 88.311}, {"name": "Behala 14 No", "sequence": 2, "lat": 22.506, "lng": 88.317}, {"name": "Majherhat", "sequence": 3, "lat": 22.523, "lng": 88.321}, {"name": "Mominpore", "sequence": 4, "lat": 22.531, "lng": 88.327}, {"name": "Alipore Court", "sequence": 5, "lat": 22.531, "lng": 88.337}, {"name": "Bhabani Bhawan", "sequence": 6, "lat": 22.5335, "lng": 88.3395}, {"name": "Alipore Zoo", "sequence": 7, "lat": 22.536, "lng": 88.332}, {"name": "PTS", "sequence": 8, "lat": 22.5455, "lng": 88.34049999999999}, {"name": "Fort William", "sequence": 9, "lat": 22.554, "lng": 88.341}, {"name": "Esplanade", "sequence": 10, "lat": 22.5645, "lng": 88.351}, {"name": "BBD Bag", "sequence": 11, "lat": 22.5697, "lng": 88.3486}, {"name": "Barabazar", "sequence": 12, "lat": 22.576, "lng": 88.353}, {"name": "Howrah Station", "sequence": 13, "lat": 22.5838, "lng": 88.3426}], "origin": "Behala Chowrasta", "destination": "Howrah Station"}}, {"type": "Feature", "geometry": {"type": "LineString", "coordinates": [[88.301, 22.531], [88.281, 22.544], [88.29, 22.542], [88.2942, 22.5432], [88.318, 22.541], [88.332, 22.538], [88.334, 22.547], [88.341, 22.554], [88.351, 22.5645], [88.3486, 22.5697], [88.353, 22.576], [88.3426, 22.5838]]}, "properties": {"id": "Metiabruz Howrah Station Mini|Howrah Station|mini", "code": "Metiabruz Howrah Station Mini", "kind": "mini", "scope": "local", "towards": "Howrah Station", "directional": true, "stop_count": 12, "geocoded_stops": 12, "coverage": 1.0, "geom_source": "straight", "stops": [{"name": "Metiabruz", "sequence": 1, "lat": 22.531, "lng": 88.301}, {"name": "Bichali Ghat", "sequence": 2, "lat": 22.544, "lng": 88.281}, {"name": "Ramnagar", "sequence": 4, "lat": 22.542, "lng": 88.29}, {"name": "Garden Reach", "sequence": 5, "lat": 22.5432, "lng": 88.2942}, {"name": "Babubazar", "sequence": 6, "lat": 22.541, "lng": 88.318}, {"name": "Kidderpore", "sequence": 7, "lat": 22.538, "lng": 88.332}, {"name": "Hastings", "sequence": 8, "lat": 22.547, "lng": 88.334}, {"name": "Fort William", "sequence": 9, "lat": 22.554, "lng": 88.341}, {"name": "Esplanade", "sequence": 10, "lat": 22.5645, "lng": 88.351}, {"name": "BBD Bag", "sequence": 11, "lat": 22.5697, "lng": 88.3486}, {"name": "Barabazar", "sequence": 12, "lat": 22.576, "lng": 88.353}, {"name": "Howrah Station", "sequence": 13, "lat": 22.5838, "lng": 88.3426}], "origin": "Metiabruz", "destination": "Howrah Station"}}, {"type": "Feature", "geometry": {"type": "LineString", "coordinates": [[88.394, 22.464], [88.40087153333333, 22.535548866666666], [88.4, 22.51], [88.3953832, 22.4902697], [88.399, 22.498], [88.4006497, 22.5046476], [88.3929004, 22.5060911], [88.3809502, 22.50104555], [88.369, 22.496], [88.368, 22.504], [88.365, 22.513], [88.366, 22.517], [88.356, 22.522], [88.348, 22.524], [88.35, 22.525], [88.349, 22.536], [88.347, 22.544], [88.346, 22.553], [88.352, 22.553], [88.351, 22.5645], [88.3486, 22.5697], [88.353, 22.576], [88.3426, 22.5838]]}, "properties": {"id": "Garia Station Howrah Station Mini|Howrah Station|mini", "code": "Garia Station Howrah Station Mini", "kind": "mini", "scope": "local", "towards": "Howrah Station", "directional": true, "stop_count": 23, "geocoded_stops": 23, "coverage": 1.0, "geom_source": "straight", "stops": [{"name": "Garia Station", "sequence": 1, "lat": 22.464, "lng": 88.394}, {"name": "Peerless Hospital", "sequence": 2, "lat": 22.535548866666666, "lng": 88.40087153333333}, {"name": "EM Bypass", "sequence": 3, "lat": 22.51, "lng": 88.4}, {"name": "Ajaynagar", "sequence": 4, "lat": 22.4902697, "lng": 88.3953832}, {"name": "Mukundapur", "sequence": 5, "lat": 22.498, "lng": 88.399}, {"name": "Kalikapur", "sequence": 6, "lat": 22.5046476, "lng": 88.4006497}, {"name": "Sapuipara", "sequence": 7, "lat": 22.5060911, "lng": 88.3929004}, {"name": "Saheed Nagar", "sequence": 8, "lat": 22.50104555, "lng": 88.3809502}, {"name": "Jadavpur PS", "sequence": 9, "lat": 22.496, "lng": 88.369}, {"name": "Dhakuria", "sequence": 10, "lat": 22.504, "lng": 88.368}, {"name": "Golpark", "sequence": 11, "lat": 22.513, "lng": 88.365}, {"name": "Gariahat", "sequence": 12, "lat": 22.517, "lng": 88.366}, {"name": "Deshapriya Park", "sequence": 13, "lat": 22.522, "lng": 88.356}, {"name": "Sishu Mangal", "sequence": 14, "lat": 22.524, "lng": 88.348}, {"name": "Lansdowne", "sequence": 15, "lat": 22.525, "lng": 88.35}, {"name": "Minto Park", "sequence": 16, "lat": 22.536, "lng": 88.349}, {"name": "Rabindra Sadan", "sequence": 17, "lat": 22.544, "lng": 88.347}, {"name": "Maidan", "sequence": 18, "lat": 22.553, "lng": 88.346}, {"name": "Park Street", "sequence": 19, "lat": 22.553, "lng": 88.352}, {"name": "Esplanade", "sequence": 20, "lat": 22.5645, "lng": 88.351}, {"name": "BBD Bag", "sequence": 21, "lat": 22.5697, "lng": 88.3486}, {"name": "Barabazar", "sequence": 22, "lat": 22.576, "lng": 88.353}, {"name": "Howrah Station", "sequence": 23, "lat": 22.5838, "lng": 88.3426}], "origin": "Garia Station", "destination": "Howrah Station"}}, {"type": "Feature", "geometry": {"type": "LineString", "coordinates": [[88.384, 22.534], [88.388, 22.55], [88.387, 22.5445], [88.367, 22.539], [88.362, 22.543], [88.368, 22.561], [88.359, 22.563], [88.352, 22.567], [88.351, 22.5645], [88.3486, 22.5697], [88.353, 22.576], [88.3426, 22.5838]]}, "properties": {"id": "Picnic Garden Howrah Station Mini|Howrah Station|mini", "code": "Picnic Garden Howrah Station Mini", "kind": "mini", "scope": "local", "towards": "Howrah Station", "directional": true, "stop_count": 12, "geocoded_stops": 12, "coverage": 1.0, "geom_source": "straight", "stops": [{"name": "Picnic Garden", "sequence": 1, "lat": 22.534, "lng": 88.384}, {"name": "Kustia", "sequence": 2, "lat": 22.55, "lng": 88.388}, {"name": "Bondel Gate", "sequence": 3, "lat": 22.5445, "lng": 88.387}, {"name": "Park Circus", "sequence": 4, "lat": 22.539, "lng": 88.367}, {"name": "Mallick Bazar", "sequence": 5, "lat": 22.543, "lng": 88.362}, {"name": "Moulali", "sequence": 6, "lat": 22.561, "lng": 88.368}, {"name": "Wellington", "sequence": 7, "lat": 22.563, "lng": 88.359}, {"name": "Chandni Chowk", "sequence": 8, "lat": 22.567, "lng": 88.352}, {"name": "Esplanade", "sequence": 9, "lat": 22.5645, "lng": 88.351}, {"name": "BBD Bag", "sequence": 10, "lat": 22.5697, "lng": 88.3486}, {"name": "Barabazar", "sequence": 11, "lat": 22.576, "lng": 88.353}, {"name": "Howrah Station", "sequence": 12, "lat": 22.5838, "lng": 88.3426}], "origin": "Picnic Garden", "destination": "Howrah Station"}}, {"type": "Feature", "geometry": {"type": "LineString", "coordinates": [[88.2229919, 22.5132661], [88.3013515875, 22.564117862499998], [88.379711275, 22.614969625], [88.38591415, 22.62711355], [88.392117025, 22.639257475], [88.3700920625, 22.6117873375], [88.34806710000001, 22.5843172], [88.2978143, 22.517233], [88.3011366, 22.5179206], [88.3402571, 22.54044655], [88.318, 22.541], [88.332, 22.538], [88.334, 22.547], [88.341, 22.554], [88.351, 22.5645], [88.3486, 22.5697], [88.353, 22.576], [88.3426, 22.5838]]}, "properties": {"id": "Batanagar Howrah Station Mini|Howrah Station|mini", "code": "Batanagar Howrah Station Mini", "kind": "mini", "scope": "local", "towards": "Howrah Station", "directional": true, "stop_count": 18, "geocoded_stops": 18, "coverage": 1.0, "geom_source": "straight", "stops": [{"name": "Batanagar", "sequence": 1, "lat": 22.5132661, "lng": 88.2229919}, {"name": "Bata", "sequence": 2, "lat": 22.564117862499998, "lng": 88.3013515875}, {"name": "Dakghar", "sequence": 3, "lat": 22.614969625, "lng": 88.379711275}, {"name": "Mollar Gate", "sequence": 4, "lat": 22.62711355, "lng": 88.38591415}, {"name": "Rampur Quarter", "sequence": 5, "lat": 22.639257475, "lng": 88.392117025}, {"name": "SM Nagar", "sequence": 6, "lat": 22.6117873375, "lng": 88.3700920625}, {"name": "Sarkarpool", "sequence": 7, "lat": 22.5843172, "lng": 88.34806710000001}, {"name": "Jhinjhira Bazar", "sequence": 8, "lat": 22.517233, "lng": 88.2978143}, {"name": "Brace Bridge", "sequence": 9, "lat": 22.5179206, "lng": 88.3011366}, {"name": "Hide Road", "sequence": 10, "lat": 22.54044655, "lng": 88.3402571}, {"name": "Babubazar", "sequence": 11, "lat": 22.541, "lng": 88.318}, {"name": "Kidderpore", "sequence": 12, "lat": 22.538, "lng": 88.332}, {"name": "Hastings", "sequence": 13, "lat": 22.547, "lng": 88.334}, {"name": "Fort William", "sequence": 14, "lat": 22.554, "lng": 88.341}, {"name": "Esplanade", "sequence": 15, "lat": 22.5645, "lng": 88.351}, {"name": "BBD Bag", "sequence": 16, "lat": 22.5697, "lng": 88.3486}, {"name": "Barabazar", "sequence": 17, "lat": 22.576, "lng": 88.353}, {"name": "Howrah Station", "sequence": 18, "lat": 22.5838, "lng": 88.3426}], "origin": "Batanagar", "destination": "Howrah Station"}}, {"type": "Feature", "geometry": {"type": "LineString", "coordinates": [[88.384, 22.534], [88.386, 22.542], [88.388, 22.55], [88.387, 22.5445], [88.387, 22.549], [88.3466423, 22.5252694], [88.35732114999999, 22.5431347], [88.368, 22.561], [88.359, 22.563], [88.352, 22.567], [88.351, 22.5645], [88.3486, 22.5697], [88.353, 22.576], [88.3426, 22.5838]]}, "properties": {"id": "Picnic Garden Howrah Station Mini|Howrah Station|mini", "code": "Picnic Garden Howrah Station Mini", "kind": "mini", "scope": "local", "towards": "Howrah Station", "directional": true, "stop_count": 14, "geocoded_stops": 14, "coverage": 1.0, "geom_source": "straight", "stops": [{"name": "Picnic Garden", "sequence": 1, "lat": 22.534, "lng": 88.384}, {"name": "Colony Bazar", "sequence": 2, "lat": 22.542, "lng": 88.386}, {"name": "Kustia", "sequence": 3, "lat": 22.55, "lng": 88.388}, {"name": "Bondel Gate", "sequence": 4, "lat": 22.5445, "lng": 88.387}, {"name": "4 No Bridge", "sequence": 5, "lat": 22.549, "lng": 88.387}, {"name": "Chittaranjan Hospital", "sequence": 6, "lat": 22.5252694, "lng": 88.3466423}, {"name": "CIT Road", "sequence": 7, "lat": 22.5431347, "lng": 88.35732114999999}, {"name": "Moulali", "sequence": 8, "lat": 22.561, "lng": 88.368}, {"name": "Wellington", "sequence": 9, "lat": 22.563, "lng": 88.359}, {"name": "Chandni Chowk", "sequence": 10, "lat": 22.567, "lng": 88.352}, {"name": "Esplanade", "sequence": 11, "lat": 22.5645, "lng": 88.351}, {"name": "BBD Bag", "sequence": 12, "lat": 22.5697, "lng": 88.3486}, {"name": "Barabazar", "sequence": 13, "lat": 22.576, "lng": 88.353}, {"name": "Howrah Station", "sequence": 14, "lat": 22.5838, "lng": 88.3426}], "origin": "Picnic Garden", "destination": "Howrah Station"}}, {"type": "Feature", "geometry": {"type": "LineString", "coordinates": [[88.384, 22.534], [88.386, 22.542], [88.388, 22.55], [88.387, 22.5445], [88.3638, 22.5275], [88.3591029, 22.5256252], [88.348, 22.524], [88.345, 22.526], [88.345, 22.53], [88.347, 22.544], [88.346, 22.553], [88.352, 22.553], [88.351, 22.5645], [88.3486, 22.5697], [88.353, 22.576], [88.3426, 22.5838]]}, "properties": {"id": "Picnic Garden Howrah Station Mini|Howrah Station|mini", "code": "Picnic Garden Howrah Station Mini", "kind": "mini", "scope": "local", "towards": "Howrah Station", "directional": true, "stop_count": 16, "geocoded_stops": 16, "coverage": 1.0, "geom_source": "straight", "stops": [{"name": "Picnic Garden", "sequence": 1, "lat": 22.534, "lng": 88.384}, {"name": "Colony Bazar", "sequence": 2, "lat": 22.542, "lng": 88.386}, {"name": "Kustia", "sequence": 3, "lat": 22.55, "lng": 88.388}, {"name": "Bondel Gate", "sequence": 4, "lat": 22.5445, "lng": 88.387}, {"name": "Ballygunge Phari", "sequence": 5, "lat": 22.5275, "lng": 88.3638}, {"name": "Garcha Road", "sequence": 6, "lat": 22.5256252, "lng": 88.3591029}, {"name": "Sishu Mangal", "sequence": 7, "lat": 22.524, "lng": 88.348}, {"name": "Hazra", "sequence": 8, "lat": 22.526, "lng": 88.345}, {"name": "Bhowanipore", "sequence": 9, "lat": 22.53, "lng": 88.345}, {"name": "Rabindra Sadan", "sequence": 10, "lat": 22.544, "lng": 88.347}, {"name": "Maidan", "sequence": 11, "lat": 22.553, "lng": 88.346}, {"name": "Park Street", "sequence": 12, "lat": 22.553, "lng": 88.352}, {"name": "Esplanade", "sequence": 13, "lat": 22.5645, "lng": 88.351}, {"name": "BBD Bag", "sequence": 14, "lat": 22.5697, "lng": 88.3486}, {"name": "Barabazar", "sequence": 15, "lat": 22.576, "lng": 88.353}, {"name": "Howrah Station", "sequence": 16, "lat": 22.5838, "lng": 88.3426}], "origin": "Picnic Garden", "destination": "Howrah Station"}}, {"type": "Feature", "geometry": {"type": "LineString", "coordinates": [[88.3727699, 22.5538657], [88.317, 22.506], [88.321, 22.523], [88.327, 22.531], [88.337, 22.531], [88.3395, 22.5335], [88.332, 22.536], [88.34049999999999, 22.5455], [88.347, 22.544], [88.346, 22.553], [88.352, 22.553], [88.351, 22.5645], [88.3486, 22.5697], [88.353, 22.576], [88.3426, 22.5838]]}, "properties": {"id": "Rabindra Nagar Howrah Station Mini|Howrah Station|mini", "code": "Rabindra Nagar Howrah Station Mini", "kind": "mini", "scope": "local", "towards": "Howrah Station", "directional": true, "stop_count": 16, "geocoded_stops": 15, "coverage": 0.938, "geom_source": "straight", "stops": [{"name": "Parnasree", "sequence": 2, "lat": 22.5538657, "lng": 88.3727699}, {"name": "Behala 14 No", "sequence": 3, "lat": 22.506, "lng": 88.317}, {"name": "Majherhat", "sequence": 4, "lat": 22.523, "lng": 88.321}, {"name": "Mominpore", "sequence": 5, "lat": 22.531, "lng": 88.327}, {"name": "Alipore Court", "sequence": 6, "lat": 22.531, "lng": 88.337}, {"name": "Bhabani Bhawan", "sequence": 7, "lat": 22.5335, "lng": 88.3395}, {"name": "Alipore Zoo", "sequence": 8, "lat": 22.536, "lng": 88.332}, {"name": "PTS", "sequence": 9, "lat": 22.5455, "lng": 88.34049999999999}, {"name": "Rabindra Sadan", "sequence": 10, "lat": 22.544, "lng": 88.347}, {"name": "Maidan", "sequence": 11, "lat": 22.553, "lng": 88.346}, {"name": "Park Street", "sequence": 12, "lat": 22.553, "lng": 88.352}, {"name": "Esplanade", "sequence": 13, "lat": 22.5645, "lng": 88.351}, {"name": "BBD Bag", "sequence": 14, "lat": 22.5697, "lng": 88.3486}, {"name": "Barabazar", "sequence": 15, "lat": 22.576, "lng": 88.353}, {"name": "Howrah Station", "sequence": 16, "lat": 22.5838, "lng": 88.3426}], "origin": "Rabindra Nagar", "destination": "Howrah Station"}}, {"type": "Feature", "geometry": {"type": "LineString", "coordinates": [[88.306, 22.47], [88.305, 22.467], [88.312, 22.483], [88.309, 22.495], [88.311, 22.498], [88.317, 22.506], [88.321, 22.523], [88.327, 22.531], [88.337, 22.531], [88.345, 22.526], [88.343, 22.518], [88.353, 22.514], [88.356, 22.522], [88.366, 22.517], [88.365, 22.529], [88.3862, 22.5155], [88.391, 22.518], [88.3928, 22.5247], [88.4, 22.51], [88.401, 22.513]]}, "properties": {"id": "Joka Bridge Ruby Mini|Ruby|mini", "code": "Joka Bridge Ruby Mini", "kind": "mini", "scope": "local", "towards": "Ruby", "directional": true, "stop_count": 20, "geocoded_stops": 20, "coverage": 1.0, "geom_source": "straight", "stops": [{"name": "Joka Bridge", "sequence": 1, "lat": 22.47, "lng": 88.306}, {"name": "Thakurpukur", "sequence": 2, "lat": 22.467, "lng": 88.305}, {"name": "Shilpara", "sequence": 3, "lat": 22.483, "lng": 88.312}, {"name": "Sakher Bazar", "sequence": 4, "lat": 22.495, "lng": 88.309}, {"name": "Behala Chowrasta", "sequence": 5, "lat": 22.498, "lng": 88.311}, {"name": "Behala 14 No", "sequence": 6, "lat": 22.506, "lng": 88.317}, {"name": "Majherhat", "sequence": 7, "lat": 22.523, "lng": 88.321}, {"name": "Mominpore", "sequence": 8, "lat": 22.531, "lng": 88.327}, {"name": "Alipore Court", "sequence": 9, "lat": 22.531, "lng": 88.337}, {"name": "Hazra", "sequence": 10, "lat": 22.526, "lng": 88.345}, {"name": "Kalighat", "sequence": 11, "lat": 22.518, "lng": 88.343}, {"name": "Rashbehari", "sequence": 12, "lat": 22.514, "lng": 88.353}, {"name": "Deshapriya Park", "sequence": 13, "lat": 22.522, "lng": 88.356}, {"name": "Gariahat", "sequence": 14, "lat": 22.517, "lng": 88.366}, {"name": "Ballygunge Station", "sequence": 15, "lat": 22.529, "lng": 88.365}, {"name": "Kasba PS", "sequence": 16, "lat": 22.5155, "lng": 88.3862}, {"name": "Bosepukur", "sequence": 17, "lat": 22.518, "lng": 88.391}, {"name": "Acropolis Mall", "sequence": 18, "lat": 22.5247, "lng": 88.3928}, {"name": "EM Bypass", "sequence": 19, "lat": 22.51, "lng": 88.4}, {"name": "Ruby", "sequence": 20, "lat": 22.513, "lng": 88.401}], "origin": "Joka Bridge", "destination": "Ruby"}}, {"type": "Feature", "geometry": {"type": "LineString", "coordinates": [[88.385, 22.4775], [88.376, 22.483], [88.387, 22.479], [88.371, 22.497], [88.3617, 22.5017], [88.3548, 22.5053], [88.3495, 22.502], [88.35, 22.502], [88.353, 22.507], [88.353, 22.514], [88.343, 22.518], [88.345, 22.526], [88.345, 22.53], [88.347, 22.544], [88.346, 22.553], [88.352, 22.553], [88.351, 22.5645], [88.3486, 22.5697], [88.353, 22.576], [88.3426, 22.5838], [88.334, 22.589]]}, "properties": {"id": "Baisnabghata Howrah Maidan Mini|Howrah Maidan|mini", "code": "Baisnabghata Howrah Maidan Mini", "kind": "mini", "scope": "local", "towards": "Howrah Maidan", "directional": true, "stop_count": 21, "geocoded_stops": 21, "coverage": 1.0, "geom_source": "straight", "stops": [{"name": "Baisnabghata", "sequence": 1, "lat": 22.4775, "lng": 88.385}, {"name": "Ramgarh", "sequence": 2, "lat": 22.483, "lng": 88.376}, {"name": "Baghajatin", "sequence": 3, "lat": 22.479, "lng": 88.387}, {"name": "Jadavpur 8B", "sequence": 4, "lat": 22.497, "lng": 88.371}, {"name": "South City", "sequence": 5, "lat": 22.5017, "lng": 88.3617}, {"name": "Lake Gardens", "sequence": 6, "lat": 22.5053, "lng": 88.3548}, {"name": "Anwar Shah Road", "sequence": 7, "lat": 22.502, "lng": 88.3495}, {"name": "Tollygunge Phari", "sequence": 8, "lat": 22.502, "lng": 88.35}, {"name": "Rabindra Sarovar", "sequence": 9, "lat": 22.507, "lng": 88.353}, {"name": "Rashbehari", "sequence": 10, "lat": 22.514, "lng": 88.353}, {"name": "Kalighat", "sequence": 11, "lat": 22.518, "lng": 88.343}, {"name": "Hazra", "sequence": 12, "lat": 22.526, "lng": 88.345}, {"name": "Bhowanipore", "sequence": 13, "lat": 22.53, "lng": 88.345}, {"name": "Rabindra Sadan", "sequence": 14, "lat": 22.544, "lng": 88.347}, {"name": "Maidan", "sequence": 15, "lat": 22.553, "lng": 88.346}, {"name": "Park Street", "sequence": 16, "lat": 22.553, "lng": 88.352}, {"name": "Esplanade", "sequence": 17, "lat": 22.5645, "lng": 88.351}, {"name": "BBD Bag", "sequence": 18, "lat": 22.5697, "lng": 88.3486}, {"name": "Barabazar", "sequence": 19, "lat": 22.576, "lng": 88.353}, {"name": "Howrah Station", "sequence": 20, "lat": 22.5838, "lng": 88.3426}, {"name": "Howrah Maidan", "sequence": 21, "lat": 22.589, "lng": 88.334}], "origin": "Baisnabghata", "destination": "Howrah Maidan"}}, {"type": "Feature", "geometry": {"type": "LineString", "coordinates": [[88.374, 22.599], [88.367, 22.601], [88.367, 22.598], [88.362, 22.587], [88.357, 22.582], [88.354, 22.573], [88.3486, 22.5697], [88.3396621, 22.5650989]]}, "properties": {"id": "Shyambazar Babughat Mini|Babughat|mini", "code": "Shyambazar Babughat Mini", "kind": "mini", "scope": "local", "towards": "Babughat", "directional": true, "stop_count": 8, "geocoded_stops": 8, "coverage": 1.0, "geom_source": "straight", "stops": [{"name": "Shyambazar", "sequence": 1, "lat": 22.599, "lng": 88.374}, {"name": "Rajballavpara", "sequence": 2, "lat": 22.601, "lng": 88.367}, {"name": "Sovabazar", "sequence": 3, "lat": 22.598, "lng": 88.367}, {"name": "Girish Park", "sequence": 4, "lat": 22.587, "lng": 88.362}, {"name": "MG Road", "sequence": 5, "lat": 22.582, "lng": 88.357}, {"name": "Central", "sequence": 6, "lat": 22.573, "lng": 88.354}, {"name": "BBD Bag", "sequence": 7, "lat": 22.5697, "lng": 88.3486}, {"name": "Babughat", "sequence": 8, "lat": 22.5650989, "lng": 88.3396621}], "origin": "Shyambazar", "destination": "Babughat"}}, {"type": "Feature", "geometry": {"type": "LineString", "coordinates": [[88.441, 22.647], [88.4375, 22.6265], [88.43, 22.6105], [88.43, 22.6105], [88.4335, 22.6155], [88.4215, 22.5985], [88.414, 22.609], [88.408, 22.608], [88.408, 22.605], [88.399, 22.591], [88.396, 22.58], [88.387, 22.586], [88.363, 22.584], [88.362, 22.587], [88.357, 22.582], [88.354, 22.573], [88.3486, 22.5697]]}, "properties": {"id": "Airport Gate 1 BBD Bag Mini|BBD Bag|mini", "code": "Airport Gate 1 BBD Bag Mini", "kind": "mini", "scope": "local", "towards": "BBD Bag", "directional": true, "stop_count": 17, "geocoded_stops": 17, "coverage": 1.0, "geom_source": "straight", "stops": [{"name": "Airport Gate 1", "sequence": 1, "lat": 22.647, "lng": 88.441}, {"name": "Kaikhali", "sequence": 2, "lat": 22.6265, "lng": 88.4375}, {"name": "Haldirams", "sequence": 3, "lat": 22.6105, "lng": 88.43}, {"name": "Teghoria", "sequence": 4, "lat": 22.6105, "lng": 88.43}, {"name": "Baguiati", "sequence": 5, "lat": 22.6155, "lng": 88.4335}, {"name": "Kestopur", "sequence": 6, "lat": 22.5985, "lng": 88.4215}, {"name": "Dumdum Park", "sequence": 7, "lat": 22.609, "lng": 88.414}, {"name": "Laketown", "sequence": 8, "lat": 22.608, "lng": 88.408}, {"name": "Sreebhumi", "sequence": 9, "lat": 22.605, "lng": 88.408}, {"name": "Ultadanga", "sequence": 10, "lat": 22.591, "lng": 88.399}, {"name": "Kankurgachi", "sequence": 11, "lat": 22.58, "lng": 88.396}, {"name": "Maniktala", "sequence": 12, "lat": 22.586, "lng": 88.387}, {"name": "Vivekananda Road", "sequence": 13, "lat": 22.584, "lng": 88.363}, {"name": "Girish Park", "sequence": 14, "lat": 22.587, "lng": 88.362}, {"name": "MG Road", "sequence": 15, "lat": 22.582, "lng": 88.357}, {"name": "Central", "sequence": 16, "lat": 22.573, "lng": 88.354}, {"name": "BBD Bag", "sequence": 17, "lat": 22.5697, "lng": 88.3486}], "origin": "Airport Gate 1", "destination": "BBD Bag"}}, {"type": "Feature", "geometry": {"type": "LineString", "coordinates": [[88.475, 22.6227], [88.469, 22.6232], [88.441, 22.6236], [88.4360082, 22.61830995], [88.4335, 22.6155], [88.4215, 22.5985], [88.414, 22.609], [88.408, 22.608], [88.408, 22.605], [88.399, 22.591], [88.396, 22.58], [88.387, 22.586], [88.363, 22.584], [88.362, 22.587], [88.357, 22.582], [88.354, 22.573], [88.3486, 22.5697]]}, "properties": {"id": "Derozio College BBD Bag Mini|BBD Bag|mini", "code": "Derozio College BBD Bag Mini", "kind": "mini", "scope": "local", "towards": "BBD Bag", "directional": true, "stop_count": 17, "geocoded_stops": 17, "coverage": 1.0, "geom_source": "straight", "stops": [{"name": "Derozio College", "sequence": 1, "lat": 22.6227, "lng": 88.475}, {"name": "Salua Bazar", "sequence": 2, "lat": 22.6232, "lng": 88.469}, {"name": "Chinar Park", "sequence": 3, "lat": 22.6236, "lng": 88.441}, {"name": "Lokenath Mandir", "sequence": 4, "lat": 22.61830995, "lng": 88.4360082}, {"name": "Baguiati", "sequence": 5, "lat": 22.6155, "lng": 88.4335}, {"name": "Kestopur", "sequence": 6, "lat": 22.5985, "lng": 88.4215}, {"name": "Dumdum Park", "sequence": 7, "lat": 22.609, "lng": 88.414}, {"name": "Laketown", "sequence": 8, "lat": 22.608, "lng": 88.408}, {"name": "Sreebhumi", "sequence": 9, "lat": 22.605, "lng": 88.408}, {"name": "Ultadanga", "sequence": 10, "lat": 22.591, "lng": 88.399}, {"name": "Kankurgachi", "sequence": 11, "lat": 22.58, "lng": 88.396}, {"name": "Maniktala", "sequence": 12, "lat": 22.586, "lng": 88.387}, {"name": "Vivekananda Road", "sequence": 13, "lat": 22.584, "lng": 88.363}, {"name": "Girish Park", "sequence": 14, "lat": 22.587, "lng": 88.362}, {"name": "MG Road", "sequence": 15, "lat": 22.582, "lng": 88.357}, {"name": "Central", "sequence": 16, "lat": 22.573, "lng": 88.354}, {"name": "BBD Bag", "sequence": 17, "lat": 22.5697, "lng": 88.3486}], "origin": "Derozio College", "destination": "BBD Bag"}}, {"type": "Feature", "geometry": {"type": "LineString", "coordinates": [[88.4335, 22.6155], [88.4215, 22.5985], [88.414, 22.609], [88.408, 22.608], [88.408, 22.605], [88.399, 22.591], [88.396, 22.58], [88.387, 22.586], [88.363, 22.584], [88.362, 22.587], [88.357, 22.582], [88.354, 22.573], [88.3486, 22.5697]]}, "properties": {"id": "Baguiati BBD Bag Mini|BBD Bag|mini", "code": "Baguiati BBD Bag Mini", "kind": "mini", "scope": "local", "towards": "BBD Bag", "directional": true, "stop_count": 13, "geocoded_stops": 13, "coverage": 1.0, "geom_source": "straight", "stops": [{"name": "Baguiati", "sequence": 1, "lat": 22.6155, "lng": 88.4335}, {"name": "Kestopur", "sequence": 2, "lat": 22.5985, "lng": 88.4215}, {"name": "Dumdum Park", "sequence": 3, "lat": 22.609, "lng": 88.414}, {"name": "Laketown", "sequence": 4, "lat": 22.608, "lng": 88.408}, {"name": "Sreebhumi", "sequence": 5, "lat": 22.605, "lng": 88.408}, {"name": "Ultadanga", "sequence": 6, "lat": 22.591, "lng": 88.399}, {"name": "Kankurgachi", "sequence": 7, "lat": 22.58, "lng": 88.396}, {"name": "Maniktala", "sequence": 8, "lat": 22.586, "lng": 88.387}, {"name": "Vivekananda Road", "sequence": 9, "lat": 22.584, "lng": 88.363}, {"name": "Girish Park", "sequence": 10, "lat": 22.587, "lng": 88.362}, {"name": "MG Road", "sequence": 11, "lat": 22.582, "lng": 88.357}, {"name": "Central", "sequence": 12, "lat": 22.573, "lng": 88.354}, {"name": "BBD Bag", "sequence": 13, "lat": 22.5697, "lng": 88.3486}], "origin": "Baguiati", "destination": "BBD Bag"}}, {"type": "Feature", "geometry": {"type": "LineString", "coordinates": [[88.357, 22.655], [88.38213404999999, 22.6255398], [88.382067025, 22.630769899999997], [88.382, 22.636], [88.368, 22.639], [88.387, 22.623], [88.375, 22.629], [88.374, 22.599], [88.372, 22.5945], [88.366, 22.589], [88.363, 22.584], [88.364, 22.578], [88.361, 22.573], [88.36, 22.571], [88.354, 22.573], [88.3486, 22.5697], [88.3396621, 22.5650989]]}, "properties": {"id": "Dakshineswar Babughat Mini|Babughat|mini", "code": "Dakshineswar Babughat Mini", "kind": "mini", "scope": "local", "towards": "Babughat", "directional": true, "stop_count": 17, "geocoded_stops": 17, "coverage": 1.0, "geom_source": "straight", "stops": [{"name": "Dakshineswar", "sequence": 1, "lat": 22.655, "lng": 88.357}, {"name": "Alambazar", "sequence": 2, "lat": 22.6255398, "lng": 88.38213404999999}, {"name": "Deshbandhu Road", "sequence": 3, "lat": 22.630769899999997, "lng": 88.382067025}, {"name": "Bonhooghly", "sequence": 4, "lat": 22.636, "lng": 88.382}, {"name": "Baranagar Bazar", "sequence": 5, "lat": 22.639, "lng": 88.368}, {"name": "Sinthi", "sequence": 6, "lat": 22.623, "lng": 88.387}, {"name": "Chiria", "sequence": 7, "lat": 22.629, "lng": 88.375}, {"name": "Shyambazar", "sequence": 8, "lat": 22.599, "lng": 88.374}, {"name": "Hatibagan", "sequence": 9, "lat": 22.5945, "lng": 88.372}, {"name": "Hedua", "sequence": 10, "lat": 22.589, "lng": 88.366}, {"name": "Vivekananda Road", "sequence": 11, "lat": 22.584, "lng": 88.363}, {"name": "Amherst Street", "sequence": 12, "lat": 22.578, "lng": 88.364}, {"name": "Bank Of India", "sequence": 13, "lat": 22.573, "lng": 88.361}, {"name": "Bowbazar", "sequence": 14, "lat": 22.571, "lng": 88.36}, {"name": "Central", "sequence": 15, "lat": 22.573, "lng": 88.354}, {"name": "BBD Bag", "sequence": 16, "lat": 22.5697, "lng": 88.3486}, {"name": "Babughat", "sequence": 17, "lat": 22.5650989, "lng": 88.3396621}], "origin": "Dakshineswar", "destination": "Babughat"}}, {"type": "Feature", "geometry": {"type": "LineString", "coordinates": [[88.376, 22.644], [88.382, 22.636], [88.3845, 22.6295], [88.387, 22.623], [88.375, 22.629], [88.374, 22.599], [88.367, 22.601], [88.367, 22.598], [88.362, 22.587], [88.357, 22.582], [88.354, 22.573], [88.3486, 22.5697]]}, "properties": {"id": "Dunlop BBD Bag Mini|BBD Bag|mini", "code": "Dunlop BBD Bag Mini", "kind": "mini", "scope": "local", "towards": "BBD Bag", "directional": true, "stop_count": 12, "geocoded_stops": 12, "coverage": 1.0, "geom_source": "straight", "stops": [{"name": "Dunlop", "sequence": 1, "lat": 22.644, "lng": 88.376}, {"name": "Bonhooghly", "sequence": 2, "lat": 22.636, "lng": 88.382}, {"name": "Tobin Road", "sequence": 3, "lat": 22.6295, "lng": 88.3845}, {"name": "Sinthi", "sequence": 4, "lat": 22.623, "lng": 88.387}, {"name": "Chiria", "sequence": 5, "lat": 22.629, "lng": 88.375}, {"name": "Shyambazar", "sequence": 6, "lat": 22.599, "lng": 88.374}, {"name": "Rajballavpara", "sequence": 7, "lat": 22.601, "lng": 88.367}, {"name": "Sovabazar", "sequence": 8, "lat": 22.598, "lng": 88.367}, {"name": "Girish Park", "sequence": 9, "lat": 22.587, "lng": 88.362}, {"name": "MG Road", "sequence": 10, "lat": 22.582, "lng": 88.357}, {"name": "Central", "sequence": 11, "lat": 22.573, "lng": 88.354}, {"name": "BBD Bag", "sequence": 12, "lat": 22.5697, "lng": 88.3486}], "origin": "Dunlop", "destination": "BBD Bag"}}, {"type": "Feature", "geometry": {"type": "LineString", "coordinates": [[88.374, 22.599], [88.367, 22.601], [88.367, 22.598], [88.362, 22.587], [88.357, 22.582], [88.354, 22.573], [88.3486, 22.5697], [88.351, 22.5645], [88.3396621, 22.5650989], [88.336, 22.561], [88.334, 22.547], [88.332, 22.538], [88.318, 22.541], [88.2942, 22.5432], [88.29, 22.542], [88.281, 22.544], [88.301, 22.531]]}, "properties": {"id": "Shyambazar Metiabruz Mini|Metiabruz|mini", "code": "Shyambazar Metiabruz Mini", "kind": "mini", "scope": "local", "towards": "Metiabruz", "directional": true, "stop_count": 17, "geocoded_stops": 17, "coverage": 1.0, "geom_source": "straight", "stops": [{"name": "Shyambazar", "sequence": 1, "lat": 22.599, "lng": 88.374}, {"name": "Rajballavpara", "sequence": 2, "lat": 22.601, "lng": 88.367}, {"name": "Sovabazar", "sequence": 3, "lat": 22.598, "lng": 88.367}, {"name": "Girish Park", "sequence": 4, "lat": 22.587, "lng": 88.362}, {"name": "MG Road", "sequence": 5, "lat": 22.582, "lng": 88.357}, {"name": "Central", "sequence": 6, "lat": 22.573, "lng": 88.354}, {"name": "BBD Bag", "sequence": 7, "lat": 22.5697, "lng": 88.3486}, {"name": "Esplanade", "sequence": 8, "lat": 22.5645, "lng": 88.351}, {"name": "Babughat", "sequence": 9, "lat": 22.5650989, "lng": 88.3396621}, {"name": "Princep Ghat", "sequence": 10, "lat": 22.561, "lng": 88.336}, {"name": "Hastings", "sequence": 11, "lat": 22.547, "lng": 88.334}, {"name": "Kidderpore", "sequence": 12, "lat": 22.538, "lng": 88.332}, {"name": "Babubazar", "sequence": 13, "lat": 22.541, "lng": 88.318}, {"name": "Garden Reach", "sequence": 14, "lat": 22.5432, "lng": 88.2942}, {"name": "Ramnagar", "sequence": 15, "lat": 22.542, "lng": 88.29}, {"name": "Bichali Ghat", "sequence": 17, "lat": 22.544, "lng": 88.281}, {"name": "Metiabruz", "sequence": 18, "lat": 22.531, "lng": 88.301}], "origin": "Shyambazar", "destination": "Metiabruz"}}, {"type": "Feature", "geometry": {"type": "LineString", "coordinates": [[88.374, 22.599], [88.367, 22.601], [88.367, 22.598], [88.362, 22.587], [88.357, 22.582], [88.354, 22.573], [88.3486, 22.5697]]}, "properties": {"id": "Shyambazar BBD Bag Mini|BBD Bag|mini", "code": "Shyambazar BBD Bag Mini", "kind": "mini", "scope": "local", "towards": "BBD Bag", "directional": true, "stop_count": 7, "geocoded_stops": 7, "coverage": 1.0, "geom_source": "straight", "stops": [{"name": "Shyambazar", "sequence": 1, "lat": 22.599, "lng": 88.374}, {"name": "Rajballavpara", "sequence": 2, "lat": 22.601, "lng": 88.367}, {"name": "Sovabazar", "sequence": 3, "lat": 22.598, "lng": 88.367}, {"name": "Girish Park", "sequence": 4, "lat": 22.587, "lng": 88.362}, {"name": "MG Road", "sequence": 5, "lat": 22.582, "lng": 88.357}, {"name": "Central", "sequence": 6, "lat": 22.573, "lng": 88.354}, {"name": "BBD Bag", "sequence": 7, "lat": 22.5697, "lng": 88.3486}], "origin": "Shyambazar", "destination": "BBD Bag"}}, {"type": "Feature", "geometry": {"type": "LineString", "coordinates": [[88.376, 22.644], [88.382, 22.636], [88.3845, 22.6295], [88.387, 22.623], [88.375, 22.629], [88.374, 22.599], [88.367, 22.601], [88.367, 22.598], [88.362, 22.587], [88.357, 22.582], [88.354, 22.573], [88.3486, 22.5697]]}, "properties": {"id": "Dunlop BBD Bag Mini|BBD Bag|mini", "code": "Dunlop BBD Bag Mini", "kind": "mini", "scope": "local", "towards": "BBD Bag", "directional": true, "stop_count": 12, "geocoded_stops": 12, "coverage": 1.0, "geom_source": "straight", "stops": [{"name": "Dunlop", "sequence": 1, "lat": 22.644, "lng": 88.376}, {"name": "Bonhooghly", "sequence": 2, "lat": 22.636, "lng": 88.382}, {"name": "Tobin Road", "sequence": 3, "lat": 22.6295, "lng": 88.3845}, {"name": "Sinthi", "sequence": 4, "lat": 22.623, "lng": 88.387}, {"name": "Chiria", "sequence": 5, "lat": 22.629, "lng": 88.375}, {"name": "Shyambazar", "sequence": 6, "lat": 22.599, "lng": 88.374}, {"name": "Rajballavpara", "sequence": 7, "lat": 22.601, "lng": 88.367}, {"name": "Sovabazar", "sequence": 8, "lat": 22.598, "lng": 88.367}, {"name": "Girish Park", "sequence": 9, "lat": 22.587, "lng": 88.362}, {"name": "MG Road", "sequence": 10, "lat": 22.582, "lng": 88.357}, {"name": "Central", "sequence": 11, "lat": 22.573, "lng": 88.354}, {"name": "BBD Bag", "sequence": 12, "lat": 22.5697, "lng": 88.3486}], "origin": "Dunlop", "destination": "BBD Bag"}}, {"type": "Feature", "geometry": {"type": "LineString", "coordinates": [[88.392, 22.576], [88.376, 22.579], [88.37, 22.5675], [88.361, 22.573], [88.36, 22.571], [88.354, 22.573], [88.352, 22.571], [88.3486, 22.5697], [88.353, 22.576], [88.3426, 22.5838]]}, "properties": {"id": "Phoolbagan Howrah Station Mini|Howrah Station|mini", "code": "Phoolbagan Howrah Station Mini", "kind": "mini", "scope": "local", "towards": "Howrah Station", "directional": true, "stop_count": 10, "geocoded_stops": 10, "coverage": 1.0, "geom_source": "straight", "stops": [{"name": "Phoolbagan", "sequence": 1, "lat": 22.576, "lng": 88.392}, {"name": "Rajabazar", "sequence": 2, "lat": 22.579, "lng": 88.376}, {"name": "Sealdah", "sequence": 3, "lat": 22.5675, "lng": 88.37}, {"name": "Bank Of India", "sequence": 4, "lat": 22.573, "lng": 88.361}, {"name": "Bowbazar", "sequence": 5, "lat": 22.571, "lng": 88.36}, {"name": "Central", "sequence": 6, "lat": 22.573, "lng": 88.354}, {"name": "Lalbazar", "sequence": 7, "lat": 22.571, "lng": 88.352}, {"name": "BBD Bag", "sequence": 8, "lat": 22.5697, "lng": 88.3486}, {"name": "Barabazar", "sequence": 9, "lat": 22.576, "lng": 88.353}, {"name": "Howrah Station", "sequence": 10, "lat": 22.5838, "lng": 88.3426}], "origin": "Phoolbagan", "destination": "Howrah Station"}}, {"type": "Feature", "geometry": {"type": "LineString", "coordinates": [[88.3795946, 22.5565107], [88.37, 22.5675], [88.368, 22.561], [88.359, 22.563], [88.352, 22.567], [88.351, 22.5645], [88.3486, 22.5697], [88.353, 22.576], [88.3426, 22.5838]]}, "properties": {"id": "Tangra Howrah Station Mini|Howrah Station|mini", "code": "Tangra Howrah Station Mini", "kind": "mini", "scope": "local", "towards": "Howrah Station", "directional": true, "stop_count": 11, "geocoded_stops": 9, "coverage": 0.818, "geom_source": "straight", "stops": [{"name": "Tangra", "sequence": 1, "lat": 22.5565107, "lng": 88.3795946}, {"name": "Sealdah", "sequence": 4, "lat": 22.5675, "lng": 88.37}, {"name": "Moulali", "sequence": 5, "lat": 22.561, "lng": 88.368}, {"name": "Wellington", "sequence": 6, "lat": 22.563, "lng": 88.359}, {"name": "Chandni Chowk", "sequence": 7, "lat": 22.567, "lng": 88.352}, {"name": "Esplanade", "sequence": 8, "lat": 22.5645, "lng": 88.351}, {"name": "BBD Bag", "sequence": 9, "lat": 22.5697, "lng": 88.3486}, {"name": "Barabazar", "sequence": 10, "lat": 22.576, "lng": 88.353}, {"name": "Howrah Station", "sequence": 11, "lat": 22.5838, "lng": 88.3426}], "origin": "Tangra", "destination": "Howrah Station"}}, {"type": "Feature", "geometry": {"type": "LineString", "coordinates": [[88.4005204, 22.5486688], [88.38559645000001, 22.6767853], [88.372566775, 22.624103124999998], [88.37, 22.5675], [88.368, 22.561], [88.359, 22.563], [88.352, 22.567], [88.351, 22.5645], [88.3486, 22.5697], [88.353, 22.576], [88.3426, 22.5838]]}, "properties": {"id": "Mathpukur Howrah Station Mini|Howrah Station|mini", "code": "Mathpukur Howrah Station Mini", "kind": "mini", "scope": "local", "towards": "Howrah Station", "directional": true, "stop_count": 11, "geocoded_stops": 11, "coverage": 1.0, "geom_source": "straight", "stops": [{"name": "Mathpukur", "sequence": 1, "lat": 22.5486688, "lng": 88.4005204}, {"name": "Dhapa Road", "sequence": 2, "lat": 22.6767853, "lng": 88.38559645000001}, {"name": "Palmer Bazar", "sequence": 3, "lat": 22.624103124999998, "lng": 88.372566775}, {"name": "Sealdah", "sequence": 4, "lat": 22.5675, "lng": 88.37}, {"name": "Moulali", "sequence": 5, "lat": 22.561, "lng": 88.368}, {"name": "Wellington", "sequence": 6, "lat": 22.563, "lng": 88.359}, {"name": "Chandni Chowk", "sequence": 7, "lat": 22.567, "lng": 88.352}, {"name": "Esplanade", "sequence": 8, "lat": 22.5645, "lng": 88.351}, {"name": "BBD Bag", "sequence": 9, "lat": 22.5697, "lng": 88.3486}, {"name": "Barabazar", "sequence": 10, "lat": 22.576, "lng": 88.353}, {"name": "Howrah Station", "sequence": 11, "lat": 22.5838, "lng": 88.3426}], "origin": "Mathpukur", "destination": "Howrah Station"}}, {"type": "Feature", "geometry": {"type": "LineString", "coordinates": [[88.3967956, 22.5898561], [88.411, 22.589], [88.417, 22.578], [88.41745775000001, 22.57687775], [88.4179155, 22.5757555], [88.41145775000001, 22.57287775], [88.40971207500002, 22.567534925], [88.4079664, 22.5621921], [88.406, 22.564], [88.37, 22.5675], [88.368, 22.561], [88.359, 22.563], [88.352, 22.567], [88.351, 22.5645], [88.3486, 22.5697]]}, "properties": {"id": "Saltlake BBD Bag Mini|BBD Bag|mini", "code": "Saltlake BBD Bag Mini", "kind": "mini", "scope": "local", "towards": "BBD Bag", "directional": true, "stop_count": 15, "geocoded_stops": 15, "coverage": 1.0, "geom_source": "straight", "stops": [{"name": "Saltlake", "sequence": 1, "lat": 22.5898561, "lng": 88.3967956}, {"name": "Bikash Bhawan", "sequence": 2, "lat": 22.589, "lng": 88.411}, {"name": "Karunamoyee", "sequence": 3, "lat": 22.578, "lng": 88.417}, {"name": "Saltlake 12no Tank", "sequence": 4, "lat": 22.57687775, "lng": 88.41745775000001}, {"name": "Sushrut Hospital", "sequence": 5, "lat": 22.5757555, "lng": 88.4179155}, {"name": "Saltlake 14no Tank", "sequence": 6, "lat": 22.57287775, "lng": 88.41145775000001}, {"name": "Saltlake 16no Tank", "sequence": 7, "lat": 22.567534925, "lng": 88.40971207500002}, {"name": "Beleghata Building", "sequence": 8, "lat": 22.5621921, "lng": 88.4079664}, {"name": "Beleghata", "sequence": 9, "lat": 22.564, "lng": 88.406}, {"name": "Sealdah", "sequence": 10, "lat": 22.5675, "lng": 88.37}, {"name": "Moulali", "sequence": 11, "lat": 22.561, "lng": 88.368}, {"name": "Wellington", "sequence": 12, "lat": 22.563, "lng": 88.359}, {"name": "Chandni Chowk", "sequence": 13, "lat": 22.567, "lng": 88.352}, {"name": "Esplanade", "sequence": 14, "lat": 22.5645, "lng": 88.351}, {"name": "BBD Bag", "sequence": 15, "lat": 22.5697, "lng": 88.3486}], "origin": "Saltlake", "destination": "BBD Bag"}}, {"type": "Feature", "geometry": {"type": "LineString", "coordinates": [[88.42, 22.63], [88.3940702, 22.6199389], [88.375, 22.629], [88.374, 22.599], [88.367, 22.601], [88.367, 22.598], [88.3540663, 22.593563516666666], [88.35319899999999, 22.589598133333332], [88.3530995, 22.582799066666666], [88.353, 22.576], [88.351, 22.586], [88.3426, 22.5838]]}, "properties": {"id": "Nager Bazar Howrah Station Mini|Howrah Station|mini", "code": "Nager Bazar Howrah Station Mini", "kind": "mini", "scope": "local", "towards": "Howrah Station", "directional": true, "stop_count": 12, "geocoded_stops": 12, "coverage": 1.0, "geom_source": "straight", "stops": [{"name": "Nager Bazar", "sequence": 1, "lat": 22.63, "lng": 88.42}, {"name": "Dumdum Station", "sequence": 2, "lat": 22.6199389, "lng": 88.3940702}, {"name": "Chiria", "sequence": 3, "lat": 22.629, "lng": 88.375}, {"name": "Shyambazar", "sequence": 4, "lat": 22.599, "lng": 88.374}, {"name": "Rajballavpara", "sequence": 5, "lat": 22.601, "lng": 88.367}, {"name": "Sovabazar", "sequence": 6, "lat": 22.598, "lng": 88.367}, {"name": "Beadon Street", "sequence": 7, "lat": 22.593563516666666, "lng": 88.3540663}, {"name": "Jorabagan", "sequence": 8, "lat": 22.589598133333332, "lng": 88.35319899999999}, {"name": "Malapara", "sequence": 9, "lat": 22.582799066666666, "lng": 88.3530995}, {"name": "Barabazar", "sequence": 10, "lat": 22.576, "lng": 88.353}, {"name": "Posta Bazar", "sequence": 11, "lat": 22.586, "lng": 88.351}, {"name": "Howrah Station", "sequence": 12, "lat": 22.5838, "lng": 88.3426}], "origin": "Nager Bazar", "destination": "Howrah Station"}}, {"type": "Feature", "geometry": {"type": "LineString", "coordinates": [[88.43, 22.6105], [88.4335, 22.6155], [88.4215, 22.5985], [88.414, 22.609], [88.408, 22.608], [88.408, 22.605], [88.399, 22.591], [88.383, 22.595], [88.387, 22.586], [88.363, 22.584], [88.362, 22.587], [88.357, 22.582], [88.353, 22.576], [88.334, 22.589]]}, "properties": {"id": "Teghoria Howrah Maidan Mini|Howrah Maidan|mini", "code": "Teghoria Howrah Maidan Mini", "kind": "mini", "scope": "local", "towards": "Howrah Maidan", "directional": true, "stop_count": 14, "geocoded_stops": 14, "coverage": 1.0, "geom_source": "straight", "stops": [{"name": "Teghoria", "sequence": 1, "lat": 22.6105, "lng": 88.43}, {"name": "Baguiati", "sequence": 2, "lat": 22.6155, "lng": 88.4335}, {"name": "Kestopur", "sequence": 3, "lat": 22.5985, "lng": 88.4215}, {"name": "Dumdum Park", "sequence": 4, "lat": 22.609, "lng": 88.414}, {"name": "Laketown", "sequence": 5, "lat": 22.608, "lng": 88.408}, {"name": "Sreebhumi", "sequence": 6, "lat": 22.605, "lng": 88.408}, {"name": "Ultadanga", "sequence": 7, "lat": 22.591, "lng": 88.399}, {"name": "Khanna Cinema", "sequence": 8, "lat": 22.595, "lng": 88.383}, {"name": "Maniktala", "sequence": 9, "lat": 22.586, "lng": 88.387}, {"name": "Vivekananda Road", "sequence": 10, "lat": 22.584, "lng": 88.363}, {"name": "Girish Park", "sequence": 11, "lat": 22.587, "lng": 88.362}, {"name": "MG Road", "sequence": 12, "lat": 22.582, "lng": 88.357}, {"name": "Barabazar", "sequence": 13, "lat": 22.576, "lng": 88.353}, {"name": "Howrah Maidan", "sequence": 14, "lat": 22.589, "lng": 88.334}], "origin": "Teghoria", "destination": "Howrah Maidan"}}, {"type": "Feature", "geometry": {"type": "LineString", "coordinates": [[88.3967956, 22.5898561], [88.411, 22.589], [88.417, 22.578], [88.4158488, 22.5840029], [88.4056169, 22.5829732], [88.40530845, 22.576486600000003], [88.405, 22.57], [88.405817025, 22.5750199], [88.40663405000001, 22.5800398], [88.406, 22.564], [88.37, 22.5675], [88.361, 22.573], [88.36, 22.571], [88.354, 22.573], [88.352, 22.571], [88.3486, 22.5697], [88.353, 22.576], [88.3426, 22.5838]]}, "properties": {"id": "Saltlake Howrah Station Mini|Howrah Station|mini", "code": "Saltlake Howrah Station Mini", "kind": "mini", "scope": "local", "towards": "Howrah Station", "directional": true, "stop_count": 18, "geocoded_stops": 18, "coverage": 1.0, "geom_source": "straight", "stops": [{"name": "Saltlake", "sequence": 1, "lat": 22.5898561, "lng": 88.3967956}, {"name": "Bikash Bhawan", "sequence": 2, "lat": 22.589, "lng": 88.411}, {"name": "Karunamoyee", "sequence": 3, "lat": 22.578, "lng": 88.417}, {"name": "Central Park", "sequence": 4, "lat": 22.5840029, "lng": 88.4158488}, {"name": "Labony Estate", "sequence": 5, "lat": 22.5829732, "lng": 88.4056169}, {"name": "Saltlake 13no Tank", "sequence": 6, "lat": 22.576486600000003, "lng": 88.40530845}, {"name": "Saltlake Stadium", "sequence": 7, "lat": 22.57, "lng": 88.405}, {"name": "Kadapara", "sequence": 8, "lat": 22.5750199, "lng": 88.405817025}, {"name": "Subhash Sarovar", "sequence": 9, "lat": 22.5800398, "lng": 88.40663405000001}, {"name": "Beleghata", "sequence": 10, "lat": 22.564, "lng": 88.406}, {"name": "Sealdah", "sequence": 11, "lat": 22.5675, "lng": 88.37}, {"name": "Bank Of India", "sequence": 12, "lat": 22.573, "lng": 88.361}, {"name": "Bowbazar", "sequence": 13, "lat": 22.571, "lng": 88.36}, {"name": "Central", "sequence": 14, "lat": 22.573, "lng": 88.354}, {"name": "Lalbazar", "sequence": 15, "lat": 22.571, "lng": 88.352}, {"name": "BBD Bag", "sequence": 16, "lat": 22.5697, "lng": 88.3486}, {"name": "Barabazar", "sequence": 17, "lat": 22.576, "lng": 88.353}, {"name": "Howrah Station", "sequence": 18, "lat": 22.5838, "lng": 88.3426}], "origin": "Saltlake", "destination": "Howrah Station"}}, {"type": "Feature", "geometry": {"type": "LineString", "coordinates": [[88.412, 22.688], [88.445, 22.679], [88.436, 22.667], [88.438, 22.644], [88.441, 22.647], [88.4375, 22.6265], [88.43, 22.6105], [88.43, 22.6105], [88.4335, 22.6155], [88.4215, 22.5985], [88.414, 22.609], [88.408, 22.608], [88.408, 22.605], [88.399, 22.591], [88.383, 22.595], [88.372, 22.5945], [88.367, 22.598], [88.362, 22.587], [88.357, 22.582], [88.354, 22.573], [88.3486, 22.5697], [88.353, 22.576], [88.3426, 22.5838]]}, "properties": {"id": "New Barrackpore Howrah Station Mini|Howrah Station|mini", "code": "New Barrackpore Howrah Station Mini", "kind": "mini", "scope": "local", "towards": "Howrah Station", "directional": true, "stop_count": 23, "geocoded_stops": 23, "coverage": 1.0, "geom_source": "straight", "stops": [{"name": "New Barrackpore", "sequence": 1, "lat": 22.688, "lng": 88.412}, {"name": "Michaelnagar", "sequence": 3, "lat": 22.679, "lng": 88.445}, {"name": "Birati", "sequence": 4, "lat": 22.667, "lng": 88.436}, {"name": "Airport Gate 3", "sequence": 5, "lat": 22.644, "lng": 88.438}, {"name": "Airport Gate 1", "sequence": 6, "lat": 22.647, "lng": 88.441}, {"name": "Kaikhali", "sequence": 7, "lat": 22.6265, "lng": 88.4375}, {"name": "Haldirams", "sequence": 8, "lat": 22.6105, "lng": 88.43}, {"name": "Teghoria", "sequence": 9, "lat": 22.6105, "lng": 88.43}, {"name": "Baguiati", "sequence": 10, "lat": 22.6155, "lng": 88.4335}, {"name": "Kestopur", "sequence": 11, "lat": 22.5985, "lng": 88.4215}, {"name": "Dumdum Park", "sequence": 12, "lat": 22.609, "lng": 88.414}, {"name": "Laketown", "sequence": 13, "lat": 22.608, "lng": 88.408}, {"name": "Sreebhumi", "sequence": 14, "lat": 22.605, "lng": 88.408}, {"name": "Ultadanga", "sequence": 15, "lat": 22.591, "lng": 88.399}, {"name": "Khanna Cinema", "sequence": 16, "lat": 22.595, "lng": 88.383}, {"name": "Hatibagan", "sequence": 17, "lat": 22.5945, "lng": 88.372}, {"name": "Sovabazar", "sequence": 18, "lat": 22.598, "lng": 88.367}, {"name": "Girish Park", "sequence": 19, "lat": 22.587, "lng": 88.362}, {"name": "MG Road", "sequence": 20, "lat": 22.582, "lng": 88.357}, {"name": "Central", "sequence": 21, "lat": 22.573, "lng": 88.354}, {"name": "BBD Bag", "sequence": 22, "lat": 22.5697, "lng": 88.3486}, {"name": "Barabazar", "sequence": 23, "lat": 22.576, "lng": 88.353}, {"name": "Howrah Station", "sequence": 24, "lat": 22.5838, "lng": 88.3426}], "origin": "New Barrackpore", "destination": "Howrah Station"}}, {"type": "Feature", "geometry": {"type": "LineString", "coordinates": [[88.374, 22.599], [88.367, 22.601], [88.367, 22.598], [88.3532985, 22.5963972], [88.35319899999999, 22.589598133333332], [88.3530995, 22.582799066666666], [88.353, 22.576], [88.351, 22.586], [88.3426, 22.5838], [88.334, 22.589]]}, "properties": {"id": "Shyambazar Howrah Maidan Mini|Howrah Maidan|mini", "code": "Shyambazar Howrah Maidan Mini", "kind": "mini", "scope": "local", "towards": "Howrah Maidan", "directional": true, "stop_count": 11, "geocoded_stops": 10, "coverage": 0.909, "geom_source": "straight", "stops": [{"name": "Shyambazar", "sequence": 1, "lat": 22.599, "lng": 88.374}, {"name": "Rajballavpara", "sequence": 2, "lat": 22.601, "lng": 88.367}, {"name": "Sovabazar", "sequence": 3, "lat": 22.598, "lng": 88.367}, {"name": "Ahiritola", "sequence": 5, "lat": 22.5963972, "lng": 88.3532985}, {"name": "Jorabagan", "sequence": 6, "lat": 22.589598133333332, "lng": 88.35319899999999}, {"name": "Malapara", "sequence": 7, "lat": 22.582799066666666, "lng": 88.3530995}, {"name": "Barabazar", "sequence": 8, "lat": 22.576, "lng": 88.353}, {"name": "Posta Bazar", "sequence": 9, "lat": 22.586, "lng": 88.351}, {"name": "Howrah Station", "sequence": 10, "lat": 22.5838, "lng": 88.3426}, {"name": "Howrah Maidan", "sequence": 11, "lat": 22.589, "lng": 88.334}], "origin": "Shyambazar", "destination": "Howrah Maidan"}}, {"type": "Feature", "geometry": {"type": "LineString", "coordinates": [[88.317, 22.506], [88.321, 22.523], [88.327, 22.531], [88.337, 22.531], [88.343, 22.518], [88.345, 22.526], [88.345, 22.53], [88.347, 22.544], [88.349, 22.536], [88.356, 22.538], [88.362, 22.543], [88.368, 22.561], [88.37, 22.5675], [88.376, 22.579]]}, "properties": {"id": "Behala 14 No Rajabazar Mini|Rajabazar|mini", "code": "Behala 14 No Rajabazar Mini", "kind": "mini", "scope": "local", "towards": "Rajabazar", "directional": true, "stop_count": 14, "geocoded_stops": 14, "coverage": 1.0, "geom_source": "straight", "stops": [{"name": "Behala 14 No", "sequence": 1, "lat": 22.506, "lng": 88.317}, {"name": "Majherhat", "sequence": 2, "lat": 22.523, "lng": 88.321}, {"name": "Mominpore", "sequence": 3, "lat": 22.531, "lng": 88.327}, {"name": "Alipore Court", "sequence": 4, "lat": 22.531, "lng": 88.337}, {"name": "Kalighat", "sequence": 5, "lat": 22.518, "lng": 88.343}, {"name": "Hazra", "sequence": 6, "lat": 22.526, "lng": 88.345}, {"name": "Bhowanipore", "sequence": 7, "lat": 22.53, "lng": 88.345}, {"name": "Rabindra Sadan", "sequence": 8, "lat": 22.544, "lng": 88.347}, {"name": "Minto Park", "sequence": 9, "lat": 22.536, "lng": 88.349}, {"name": "Beck Bagan", "sequence": 10, "lat": 22.538, "lng": 88.356}, {"name": "Mallick Bazar", "sequence": 11, "lat": 22.543, "lng": 88.362}, {"name": "Moulali", "sequence": 12, "lat": 22.561, "lng": 88.368}, {"name": "Sealdah", "sequence": 13, "lat": 22.5675, "lng": 88.37}, {"name": "Rajabazar", "sequence": 14, "lat": 22.579, "lng": 88.376}], "origin": "Behala 14 No", "destination": "Rajabazar"}}, {"type": "Feature", "geometry": {"type": "LineString", "coordinates": [[88.3892144, 22.6613608], [88.374, 22.668], [88.376, 22.644], [88.382, 22.636], [88.3845, 22.6295], [88.387, 22.623], [88.375, 22.629], [88.374, 22.599], [88.367, 22.601], [88.367, 22.598], [88.3532985, 22.5963972], [88.35319899999999, 22.589598133333332], [88.3530995, 22.582799066666666], [88.353, 22.576], [88.351, 22.586], [88.3426, 22.5838], [88.334, 22.589]]}, "properties": {"id": "Belgharia Station Howrah Maidan Mini|Howrah Maidan|mini", "code": "Belgharia Station Howrah Maidan Mini", "kind": "mini", "scope": "local", "towards": "Howrah Maidan", "directional": true, "stop_count": 18, "geocoded_stops": 17, "coverage": 0.944, "geom_source": "straight", "stops": [{"name": "Belgharia Station", "sequence": 1, "lat": 22.6613608, "lng": 88.3892144}, {"name": "Rathtala", "sequence": 2, "lat": 22.668, "lng": 88.374}, {"name": "Dunlop", "sequence": 3, "lat": 22.644, "lng": 88.376}, {"name": "Bonhooghly", "sequence": 4, "lat": 22.636, "lng": 88.382}, {"name": "Tobin Road", "sequence": 5, "lat": 22.6295, "lng": 88.3845}, {"name": "Sinthi", "sequence": 6, "lat": 22.623, "lng": 88.387}, {"name": "Chiria", "sequence": 7, "lat": 22.629, "lng": 88.375}, {"name": "Shyambazar", "sequence": 8, "lat": 22.599, "lng": 88.374}, {"name": "Rajballavpara", "sequence": 9, "lat": 22.601, "lng": 88.367}, {"name": "Sovabazar", "sequence": 10, "lat": 22.598, "lng": 88.367}, {"name": "Ahiritola", "sequence": 12, "lat": 22.5963972, "lng": 88.3532985}, {"name": "Jorabagan", "sequence": 13, "lat": 22.589598133333332, "lng": 88.35319899999999}, {"name": "Malapara", "sequence": 14, "lat": 22.582799066666666, "lng": 88.3530995}, {"name": "Barabazar", "sequence": 15, "lat": 22.576, "lng": 88.353}, {"name": "Posta Bazar", "sequence": 16, "lat": 22.586, "lng": 88.351}, {"name": "Howrah Station", "sequence": 17, "lat": 22.5838, "lng": 88.3426}, {"name": "Howrah Maidan", "sequence": 18, "lat": 22.589, "lng": 88.334}], "origin": "Belgharia Station", "destination": "Howrah Maidan"}}, {"type": "Feature", "geometry": {"type": "LineString", "coordinates": [[88.4274959, 22.6643198], [88.436, 22.667], [88.438, 22.644], [88.441, 22.647], [88.4375, 22.6265], [88.43, 22.6105], [88.43, 22.6105], [88.4335, 22.6155], [88.4215, 22.5985], [88.414, 22.609], [88.408, 22.608], [88.408, 22.605], [88.399, 22.591], [88.396, 22.58], [88.387, 22.586], [88.363, 22.584], [88.362, 22.587], [88.357, 22.582], [88.354, 22.573], [88.3486, 22.5697]]}, "properties": {"id": "Birati Station BBD Bag Mini|BBD Bag|mini", "code": "Birati Station BBD Bag Mini", "kind": "mini", "scope": "local", "towards": "BBD Bag", "directional": true, "stop_count": 20, "geocoded_stops": 20, "coverage": 1.0, "geom_source": "straight", "stops": [{"name": "Birati Station", "sequence": 1, "lat": 22.6643198, "lng": 88.4274959}, {"name": "Birati", "sequence": 2, "lat": 22.667, "lng": 88.436}, {"name": "Airport Gate 3", "sequence": 3, "lat": 22.644, "lng": 88.438}, {"name": "Airport Gate 1", "sequence": 4, "lat": 22.647, "lng": 88.441}, {"name": "Kaikhali", "sequence": 5, "lat": 22.6265, "lng": 88.4375}, {"name": "Haldirams", "sequence": 6, "lat": 22.6105, "lng": 88.43}, {"name": "Teghoria", "sequence": 7, "lat": 22.6105, "lng": 88.43}, {"name": "Baguiati", "sequence": 8, "lat": 22.6155, "lng": 88.4335}, {"name": "Kestopur", "sequence": 9, "lat": 22.5985, "lng": 88.4215}, {"name": "Dumdum Park", "sequence": 10, "lat": 22.609, "lng": 88.414}, {"name": "Laketown", "sequence": 11, "lat": 22.608, "lng": 88.408}, {"name": "Sreebhumi", "sequence": 12, "lat": 22.605, "lng": 88.408}, {"name": "Ultadanga", "sequence": 13, "lat": 22.591, "lng": 88.399}, {"name": "Kankurgachi", "sequence": 14, "lat": 22.58, "lng": 88.396}, {"name": "Maniktala", "sequence": 15, "lat": 22.586, "lng": 88.387}, {"name": "Vivekananda Road", "sequence": 16, "lat": 22.584, "lng": 88.363}, {"name": "Girish Park", "sequence": 17, "lat": 22.587, "lng": 88.362}, {"name": "MG Road", "sequence": 18, "lat": 22.582, "lng": 88.357}, {"name": "Central", "sequence": 19, "lat": 22.573, "lng": 88.354}, {"name": "BBD Bag", "sequence": 20, "lat": 22.5697, "lng": 88.3486}], "origin": "Birati Station", "destination": "BBD Bag"}}, {"type": "Feature", "geometry": {"type": "LineString", "coordinates": [[88.4274959, 22.6643198], [88.436, 22.667], [88.438, 22.644], [88.441, 22.647], [88.4375, 22.6265], [88.43, 22.6105], [88.441, 22.6236], [88.448, 22.618], [88.468781, 22.6217076], [88.4772523, 22.60607145], [88.4857236, 22.5904353], [88.46768865, 22.58594155], [88.47382247499999, 22.580197775000002], [88.4799563, 22.574454], [88.46993864999999, 22.5769778], [88.459921, 22.5795016], [88.464, 22.581], [88.4507715, 22.5813836], [88.4308135, 22.5690146], [88.429, 22.577], [88.4266991, 22.5789982], [88.417, 22.578], [88.418130675, 22.582771], [88.41926135, 22.587542]]}, "properties": {"id": "Birati Station Saltlake 206 Mini|Saltlake 206|mini", "code": "Birati Station Saltlake 206 Mini", "kind": "mini", "scope": "local", "towards": "Saltlake 206", "directional": true, "stop_count": 24, "geocoded_stops": 24, "coverage": 1.0, "geom_source": "straight", "stops": [{"name": "Birati Station", "sequence": 1, "lat": 22.6643198, "lng": 88.4274959}, {"name": "Birati", "sequence": 2, "lat": 22.667, "lng": 88.436}, {"name": "Airport Gate 3", "sequence": 3, "lat": 22.644, "lng": 88.438}, {"name": "Airport Gate 1", "sequence": 4, "lat": 22.647, "lng": 88.441}, {"name": "Kaikhali", "sequence": 5, "lat": 22.6265, "lng": 88.4375}, {"name": "Haldirams", "sequence": 6, "lat": 22.6105, "lng": 88.43}, {"name": "Chinar Park", "sequence": 7, "lat": 22.6236, "lng": 88.441}, {"name": "City Center 2", "sequence": 8, "lat": 22.618, "lng": 88.448}, {"name": "Akanksha", "sequence": 9, "lat": 22.6217076, "lng": 88.468781}, {"name": "Ecopark", "sequence": 10, "lat": 22.60607145, "lng": 88.4772523}, {"name": "Aliah University", "sequence": 11, "lat": 22.5904353, "lng": 88.4857236}, {"name": "Ecospace", "sequence": 12, "lat": 22.58594155, "lng": 88.46768865}, {"name": "DLF 2", "sequence": 13, "lat": 22.580197775000002, "lng": 88.47382247499999}, {"name": "Unitech Gate 2", "sequence": 14, "lat": 22.574454, "lng": 88.4799563}, {"name": "Narkelbagan", "sequence": 15, "lat": 22.5769778, "lng": 88.46993864999999}, {"name": "Axis Mall", "sequence": 16, "lat": 22.5795016, "lng": 88.459921}, {"name": "Newtown", "sequence": 17, "lat": 22.581, "lng": 88.464}, {"name": "DLF 1", "sequence": 18, "lat": 22.5813836, "lng": 88.4507715}, {"name": "SDF", "sequence": 19, "lat": 22.5690146, "lng": 88.4308135}, {"name": "College More", "sequence": 20, "lat": 22.577, "lng": 88.429}, {"name": "Wipro", "sequence": 21, "lat": 22.5789982, "lng": 88.4266991}, {"name": "Karunamoyee", "sequence": 22, "lat": 22.578, "lng": 88.417}, {"name": "Saltlake 9no Tank", "sequence": 23, "lat": 22.582771, "lng": 88.418130675}, {"name": "Saltlake 206", "sequence": 24, "lat": 22.587542, "lng": 88.41926135}], "origin": "Birati Station", "destination": "Saltlake 206"}}, {"type": "Feature", "geometry": {"type": "LineString", "coordinates": [[88.4263316, 22.5789289], [88.3892144, 22.6613608], [88.374, 22.668], [88.376, 22.644], [88.382, 22.636], [88.3845, 22.6295], [88.387, 22.623], [88.375, 22.629], [88.374, 22.599], [88.367, 22.601], [88.367, 22.598], [88.3532985, 22.5963972], [88.35319899999999, 22.589598133333332], [88.3530995, 22.582799066666666], [88.353, 22.576], [88.351, 22.586], [88.3426, 22.5838]]}, "properties": {"id": "Nimta Bazar Howrah Station Mini|Howrah Station|mini", "code": "Nimta Bazar Howrah Station Mini", "kind": "mini", "scope": "local", "towards": "Howrah Station", "directional": true, "stop_count": 18, "geocoded_stops": 17, "coverage": 0.944, "geom_source": "straight", "stops": [{"name": "Nimta Bazar", "sequence": 1, "lat": 22.5789289, "lng": 88.4263316}, {"name": "Belgharia Station", "sequence": 2, "lat": 22.6613608, "lng": 88.3892144}, {"name": "Rathtala", "sequence": 3, "lat": 22.668, "lng": 88.374}, {"name": "Dunlop", "sequence": 4, "lat": 22.644, "lng": 88.376}, {"name": "Bonhooghly", "sequence": 5, "lat": 22.636, "lng": 88.382}, {"name": "Tobin Road", "sequence": 6, "lat": 22.6295, "lng": 88.3845}, {"name": "Sinthi", "sequence": 7, "lat": 22.623, "lng": 88.387}, {"name": "Chiria", "sequence": 8, "lat": 22.629, "lng": 88.375}, {"name": "Shyambazar", "sequence": 9, "lat": 22.599, "lng": 88.374}, {"name": "Rajballavpara", "sequence": 10, "lat": 22.601, "lng": 88.367}, {"name": "Sovabazar", "sequence": 11, "lat": 22.598, "lng": 88.367}, {"name": "Ahiritola", "sequence": 13, "lat": 22.5963972, "lng": 88.3532985}, {"name": "Jorabagan", "sequence": 14, "lat": 22.589598133333332, "lng": 88.35319899999999}, {"name": "Malapara", "sequence": 15, "lat": 22.582799066666666, "lng": 88.3530995}, {"name": "Barabazar", "sequence": 16, "lat": 22.576, "lng": 88.353}, {"name": "Posta Bazar", "sequence": 17, "lat": 22.586, "lng": 88.351}, {"name": "Howrah Station", "sequence": 18, "lat": 22.5838, "lng": 88.3426}], "origin": "Nimta Bazar", "destination": "Howrah Station"}}, {"type": "Feature", "geometry": {"type": "LineString", "coordinates": [[88.3958619, 22.5310204], [88.395, 22.54], [88.39, 22.554], [88.387, 22.549], [88.3466423, 22.5252694], [88.35732114999999, 22.5431347], [88.368, 22.561], [88.37, 22.5675], [88.364, 22.575], [88.357, 22.582], [88.353, 22.576], [88.3426, 22.5838]]}, "properties": {"id": "Uttar Panchannagram Howrah Station Mini|Howrah Station|mini", "code": "Uttar Panchannagram Howrah Station Mini", "kind": "mini", "scope": "local", "towards": "Howrah Station", "directional": true, "stop_count": 12, "geocoded_stops": 12, "coverage": 1.0, "geom_source": "straight", "stops": [{"name": "Uttar Panchannagram", "sequence": 1, "lat": 22.5310204, "lng": 88.3958619}, {"name": "Science City", "sequence": 2, "lat": 22.54, "lng": 88.395}, {"name": "Topsia", "sequence": 3, "lat": 22.554, "lng": 88.39}, {"name": "4 No Bridge", "sequence": 4, "lat": 22.549, "lng": 88.387}, {"name": "Chittaranjan Hospital", "sequence": 5, "lat": 22.5252694, "lng": 88.3466423}, {"name": "CIT Road", "sequence": 6, "lat": 22.5431347, "lng": 88.35732114999999}, {"name": "Moulali", "sequence": 7, "lat": 22.561, "lng": 88.368}, {"name": "Sealdah", "sequence": 8, "lat": 22.5675, "lng": 88.37}, {"name": "College Street", "sequence": 9, "lat": 22.575, "lng": 88.364}, {"name": "MG Road", "sequence": 10, "lat": 22.582, "lng": 88.357}, {"name": "Barabazar", "sequence": 11, "lat": 22.576, "lng": 88.353}, {"name": "Howrah Station", "sequence": 12, "lat": 22.5838, "lng": 88.3426}], "origin": "Uttar Panchannagram", "destination": "Howrah Station"}}, {"type": "Feature", "geometry": {"type": "LineString", "coordinates": [[88.374, 22.599], [88.367, 22.601], [88.367, 22.598], [88.3532985, 22.5963972], [88.35319899999999, 22.589598133333332], [88.3530995, 22.582799066666666], [88.353, 22.576], [88.351, 22.586], [88.3426, 22.5838], [88.334, 22.589]]}, "properties": {"id": "Shyambazar Howrah Maidan Mini|Howrah Maidan|mini", "code": "Shyambazar Howrah Maidan Mini", "kind": "mini", "scope": "local", "towards": "Howrah Maidan", "directional": true, "stop_count": 11, "geocoded_stops": 10, "coverage": 0.909, "geom_source": "straight", "stops": [{"name": "Shyambazar", "sequence": 1, "lat": 22.599, "lng": 88.374}, {"name": "Rajballavpara", "sequence": 2, "lat": 22.601, "lng": 88.367}, {"name": "Sovabazar", "sequence": 3, "lat": 22.598, "lng": 88.367}, {"name": "Ahiritola", "sequence": 5, "lat": 22.5963972, "lng": 88.3532985}, {"name": "Jorabagan", "sequence": 6, "lat": 22.589598133333332, "lng": 88.35319899999999}, {"name": "Malapara", "sequence": 7, "lat": 22.582799066666666, "lng": 88.3530995}, {"name": "Barabazar", "sequence": 8, "lat": 22.576, "lng": 88.353}, {"name": "Posta Bazar", "sequence": 9, "lat": 22.586, "lng": 88.351}, {"name": "Howrah Station", "sequence": 10, "lat": 22.5838, "lng": 88.3426}, {"name": "Howrah Maidan", "sequence": 11, "lat": 22.589, "lng": 88.334}], "origin": "Shyambazar", "destination": "Howrah Maidan"}}, {"type": "Feature", "geometry": {"type": "LineString", "coordinates": [[88.309, 22.495], [88.3498505375, 22.52940485], [88.390701075, 22.5728097], [88.37413405, 22.549539799999998], [88.3473, 22.4988], [88.353, 22.507], [88.353, 22.514], [88.356, 22.522], [88.366, 22.517], [88.365, 22.529], [88.3862, 22.5155], [88.391, 22.518], [88.3928, 22.5247], [88.401, 22.513], [88.403, 22.509]]}, "properties": {"id": "Sakher Bazar Anandapur Mini|Anandapur|mini", "code": "Sakher Bazar Anandapur Mini", "kind": "mini", "scope": "local", "towards": "Anandapur", "directional": true, "stop_count": 15, "geocoded_stops": 15, "coverage": 1.0, "geom_source": "straight", "stops": [{"name": "Sakher Bazar", "sequence": 1, "lat": 22.495, "lng": 88.309}, {"name": "Ml Gupta Road", "sequence": 2, "lat": 22.52940485, "lng": 88.3498505375}, {"name": "Muchipara", "sequence": 3, "lat": 22.5728097, "lng": 88.390701075}, {"name": "Siriti", "sequence": 4, "lat": 22.549539799999998, "lng": 88.37413405}, {"name": "Tollygunge Metro", "sequence": 5, "lat": 22.4988, "lng": 88.3473}, {"name": "Rabindra Sarovar", "sequence": 6, "lat": 22.507, "lng": 88.353}, {"name": "Rashbehari", "sequence": 7, "lat": 22.514, "lng": 88.353}, {"name": "Deshapriya Park", "sequence": 8, "lat": 22.522, "lng": 88.356}, {"name": "Gariahat", "sequence": 9, "lat": 22.517, "lng": 88.366}, {"name": "Ballygunge Station", "sequence": 10, "lat": 22.529, "lng": 88.365}, {"name": "Kasba PS", "sequence": 11, "lat": 22.5155, "lng": 88.3862}, {"name": "Bosepukur", "sequence": 12, "lat": 22.518, "lng": 88.391}, {"name": "Acropolis Mall", "sequence": 13, "lat": 22.5247, "lng": 88.3928}, {"name": "Ruby", "sequence": 14, "lat": 22.513, "lng": 88.401}, {"name": "Anandapur", "sequence": 15, "lat": 22.509, "lng": 88.403}], "origin": "Sakher Bazar", "destination": "Anandapur"}}, {"type": "Feature", "geometry": {"type": "LineString", "coordinates": [[88.33, 22.589], [88.328, 22.589], [88.333, 22.587], [88.3426, 22.5838], [88.353, 22.576], [88.3486, 22.5697], [88.351, 22.5645]]}, "properties": {"id": "Salkia Chowrasta Esplanade Mini|Esplanade|mini", "code": "Salkia Chowrasta Esplanade Mini", "kind": "mini", "scope": "local", "towards": "Esplanade", "directional": true, "stop_count": 7, "geocoded_stops": 7, "coverage": 1.0, "geom_source": "straight", "stops": [{"name": "Salkia Chowrasta", "sequence": 1, "lat": 22.589, "lng": 88.33}, {"name": "Bandha Ghat", "sequence": 2, "lat": 22.589, "lng": 88.328}, {"name": "Golabarai PS", "sequence": 3, "lat": 22.587, "lng": 88.333}, {"name": "Howrah Station", "sequence": 4, "lat": 22.5838, "lng": 88.3426}, {"name": "Barabazar", "sequence": 5, "lat": 22.576, "lng": 88.353}, {"name": "BBD Bag", "sequence": 6, "lat": 22.5697, "lng": 88.3486}, {"name": "Esplanade", "sequence": 7, "lat": 22.5645, "lng": 88.351}], "origin": "Salkia Chowrasta", "destination": "Esplanade"}}, {"type": "Feature", "geometry": {"type": "LineString", "coordinates": [[88.33, 22.589], [88.328, 22.589], [88.333, 22.587], [88.33200000000001, 22.589], [88.3426, 22.5838], [88.353, 22.576], [88.3486, 22.5697], [88.351, 22.5645], [88.352, 22.553], [88.346, 22.553], [88.347, 22.544], [88.349, 22.536], [88.35, 22.525], [88.348, 22.524]]}, "properties": {"id": "Satyabala Sishu Mangal Mini|Sishu Mangal|mini", "code": "Satyabala Sishu Mangal Mini", "kind": "mini", "scope": "local", "towards": "Sishu Mangal", "directional": true, "stop_count": 15, "geocoded_stops": 14, "coverage": 0.933, "geom_source": "straight", "stops": [{"name": "Salkia Chowrasta", "sequence": 2, "lat": 22.589, "lng": 88.33}, {"name": "Bandha Ghat", "sequence": 3, "lat": 22.589, "lng": 88.328}, {"name": "Golabarai PS", "sequence": 4, "lat": 22.587, "lng": 88.333}, {"name": "Pilkhana", "sequence": 5, "lat": 22.589, "lng": 88.33200000000001}, {"name": "Howrah Station", "sequence": 6, "lat": 22.5838, "lng": 88.3426}, {"name": "Barabazar", "sequence": 7, "lat": 22.576, "lng": 88.353}, {"name": "BBD Bag", "sequence": 8, "lat": 22.5697, "lng": 88.3486}, {"name": "Esplanade", "sequence": 9, "lat": 22.5645, "lng": 88.351}, {"name": "Park Street", "sequence": 10, "lat": 22.553, "lng": 88.352}, {"name": "Maidan", "sequence": 11, "lat": 22.553, "lng": 88.346}, {"name": "Rabindra Sadan", "sequence": 12, "lat": 22.544, "lng": 88.347}, {"name": "Minto Park", "sequence": 13, "lat": 22.536, "lng": 88.349}, {"name": "Lansdowne", "sequence": 14, "lat": 22.525, "lng": 88.35}, {"name": "Sishu Mangal", "sequence": 15, "lat": 22.524, "lng": 88.348}], "origin": "Satyabala", "destination": "Sishu Mangal"}}, {"type": "Feature", "geometry": {"type": "LineString", "coordinates": [[88.33, 22.589], [88.328, 22.589], [88.333, 22.587], [88.33200000000001, 22.589], [88.3426, 22.5838], [88.353, 22.576], [88.3486, 22.5697], [88.351, 22.5645]]}, "properties": {"id": "Salkia Chowrasta Esplanade Mini|Esplanade|mini", "code": "Salkia Chowrasta Esplanade Mini", "kind": "mini", "scope": "local", "towards": "Esplanade", "directional": true, "stop_count": 8, "geocoded_stops": 8, "coverage": 1.0, "geom_source": "straight", "stops": [{"name": "Salkia Chowrasta", "sequence": 1, "lat": 22.589, "lng": 88.33}, {"name": "Bandha Ghat", "sequence": 2, "lat": 22.589, "lng": 88.328}, {"name": "Golabarai PS", "sequence": 3, "lat": 22.587, "lng": 88.333}, {"name": "Pilkhana", "sequence": 4, "lat": 22.589, "lng": 88.33200000000001}, {"name": "Howrah Station", "sequence": 5, "lat": 22.5838, "lng": 88.3426}, {"name": "Barabazar", "sequence": 6, "lat": 22.576, "lng": 88.353}, {"name": "BBD Bag", "sequence": 7, "lat": 22.5697, "lng": 88.3486}, {"name": "Esplanade", "sequence": 8, "lat": 22.5645, "lng": 88.351}], "origin": "Salkia Chowrasta", "destination": "Esplanade"}}, {"type": "Feature", "geometry": {"type": "LineString", "coordinates": [[88.315, 22.586], [88.3015, 22.5915], [88.302, 22.595], [88.318, 22.598], [88.334, 22.589], [88.3426, 22.5838], [88.353, 22.576], [88.3486, 22.5697], [88.351, 22.5645]]}, "properties": {"id": "Kadamtala Esplanade Mini|Esplanade|mini", "code": "Kadamtala Esplanade Mini", "kind": "mini", "scope": "local", "towards": "Esplanade", "directional": true, "stop_count": 9, "geocoded_stops": 9, "coverage": 1.0, "geom_source": "straight", "stops": [{"name": "Kadamtala", "sequence": 1, "lat": 22.586, "lng": 88.315}, {"name": "Ichapur", "sequence": 2, "lat": 22.5915, "lng": 88.3015}, {"name": "Shanpur", "sequence": 3, "lat": 22.595, "lng": 88.302}, {"name": "Tikiapara Bypass", "sequence": 4, "lat": 22.598, "lng": 88.318}, {"name": "Howrah Maidan", "sequence": 5, "lat": 22.589, "lng": 88.334}, {"name": "Howrah Station", "sequence": 6, "lat": 22.5838, "lng": 88.3426}, {"name": "Barabazar", "sequence": 7, "lat": 22.576, "lng": 88.353}, {"name": "BBD Bag", "sequence": 8, "lat": 22.5697, "lng": 88.3486}, {"name": "Esplanade", "sequence": 9, "lat": 22.5645, "lng": 88.351}], "origin": "Kadamtala", "destination": "Esplanade"}}, {"type": "Feature", "geometry": {"type": "LineString", "coordinates": [[88.308, 22.587], [88.3015, 22.5915], [88.302, 22.595], [88.318, 22.598], [88.334, 22.589], [88.3426, 22.5838], [88.353, 22.576], [88.3486, 22.5697], [88.351, 22.5645]]}, "properties": {"id": "Kamardanga Esplanade Mini|Esplanade|mini", "code": "Kamardanga Esplanade Mini", "kind": "mini", "scope": "local", "towards": "Esplanade", "directional": true, "stop_count": 9, "geocoded_stops": 9, "coverage": 1.0, "geom_source": "straight", "stops": [{"name": "Kamardanga", "sequence": 1, "lat": 22.587, "lng": 88.308}, {"name": "Ichapur", "sequence": 2, "lat": 22.5915, "lng": 88.3015}, {"name": "Shanpur", "sequence": 3, "lat": 22.595, "lng": 88.302}, {"name": "Tikiapara Bypass", "sequence": 4, "lat": 22.598, "lng": 88.318}, {"name": "Howrah Maidan", "sequence": 5, "lat": 22.589, "lng": 88.334}, {"name": "Howrah Station", "sequence": 6, "lat": 22.5838, "lng": 88.3426}, {"name": "Barabazar", "sequence": 7, "lat": 22.576, "lng": 88.353}, {"name": "BBD Bag", "sequence": 8, "lat": 22.5697, "lng": 88.3486}, {"name": "Esplanade", "sequence": 9, "lat": 22.5645, "lng": 88.351}], "origin": "Kamardanga", "destination": "Esplanade"}}, {"type": "Feature", "geometry": {"type": "LineString", "coordinates": [[88.42612, 22.5790355], [88.306, 22.598], [88.302, 22.595], [88.318, 22.598], [88.3426, 22.5838], [88.351, 22.586], [88.3530995, 22.582799066666666], [88.35319899999999, 22.589598133333332], [88.3532985, 22.5963972], [88.367, 22.598], [88.372, 22.5945], [88.383, 22.595], [88.399, 22.591], [88.41160365, 22.5866176], [88.41082779999999, 22.5943703], [88.4215227, 22.597084], [88.41926135, 22.587542], [88.417, 22.578], [88.4266991, 22.5789982], [88.4308135, 22.5690146], [88.429, 22.577], [88.432, 22.576]]}, "properties": {"id": "Japani Gate Sector V Mini|Sector V|mini", "code": "Japani Gate Sector V Mini", "kind": "mini", "scope": "local", "towards": "Sector V", "directional": true, "stop_count": 23, "geocoded_stops": 22, "coverage": 0.957, "geom_source": "straight", "stops": [{"name": "Japani Gate", "sequence": 1, "lat": 22.5790355, "lng": 88.42612}, {"name": "Dasnagar", "sequence": 2, "lat": 22.598, "lng": 88.306}, {"name": "Shanpur", "sequence": 3, "lat": 22.595, "lng": 88.302}, {"name": "Tikiapara Bypass", "sequence": 4, "lat": 22.598, "lng": 88.318}, {"name": "Howrah Station", "sequence": 5, "lat": 22.5838, "lng": 88.3426}, {"name": "Posta Bazar", "sequence": 6, "lat": 22.586, "lng": 88.351}, {"name": "Malapara", "sequence": 7, "lat": 22.582799066666666, "lng": 88.3530995}, {"name": "Jorabagan", "sequence": 8, "lat": 22.589598133333332, "lng": 88.35319899999999}, {"name": "Ahiritola", "sequence": 9, "lat": 22.5963972, "lng": 88.3532985}, {"name": "Sovabazar", "sequence": 11, "lat": 22.598, "lng": 88.367}, {"name": "Hatibagan", "sequence": 12, "lat": 22.5945, "lng": 88.372}, {"name": "Khanna Cinema", "sequence": 13, "lat": 22.595, "lng": 88.383}, {"name": "Ultadanga", "sequence": 14, "lat": 22.591, "lng": 88.399}, {"name": "Saltlake PNB", "sequence": 15, "lat": 22.5866176, "lng": 88.41160365}, {"name": "Saltlake 4no Tank", "sequence": 16, "lat": 22.5943703, "lng": 88.41082779999999}, {"name": "Baisakhi", "sequence": 17, "lat": 22.597084, "lng": 88.4215227}, {"name": "Purta Bhawan", "sequence": 18, "lat": 22.587542, "lng": 88.41926135}, {"name": "Karunamoyee", "sequence": 19, "lat": 22.578, "lng": 88.417}, {"name": "Wipro", "sequence": 20, "lat": 22.5789982, "lng": 88.4266991}, {"name": "SDF", "sequence": 21, "lat": 22.5690146, "lng": 88.4308135}, {"name": "College More", "sequence": 22, "lat": 22.577, "lng": 88.429}, {"name": "Sector V", "sequence": 23, "lat": 22.576, "lng": 88.432}], "origin": "Japani Gate", "destination": "Sector V"}}, {"type": "Feature", "geometry": {"type": "LineString", "coordinates": [[88.3010388, 22.5571809], [88.3100425, 22.5623511], [88.321, 22.5775], [88.325, 22.581], [88.325, 22.581], [88.327, 22.58], [88.329, 22.584], [88.334, 22.589], [88.3426, 22.5838], [88.353, 22.576], [88.3486, 22.5697], [88.351, 22.5645]]}, "properties": {"id": "B Garden Esplanade Mini|Esplanade|mini", "code": "B Garden Esplanade Mini", "kind": "mini", "scope": "local", "towards": "Esplanade", "directional": true, "stop_count": 12, "geocoded_stops": 12, "coverage": 1.0, "geom_source": "straight", "stops": [{"name": "B Garden", "sequence": 1, "lat": 22.5571809, "lng": 88.3010388}, {"name": "Shalimar Station", "sequence": 2, "lat": 22.5623511, "lng": 88.3100425}, {"name": "Bataitala Phari", "sequence": 3, "lat": 22.5775, "lng": 88.321}, {"name": "Kazipara", "sequence": 4, "lat": 22.581, "lng": 88.325}, {"name": "Avani Mall", "sequence": 5, "lat": 22.581, "lng": 88.325}, {"name": "Shibpur Bazar", "sequence": 6, "lat": 22.58, "lng": 88.327}, {"name": "Mallick Fatak", "sequence": 7, "lat": 22.584, "lng": 88.329}, {"name": "Howrah Maidan", "sequence": 8, "lat": 22.589, "lng": 88.334}, {"name": "Howrah Station", "sequence": 9, "lat": 22.5838, "lng": 88.3426}, {"name": "Barabazar", "sequence": 10, "lat": 22.576, "lng": 88.353}, {"name": "BBD Bag", "sequence": 11, "lat": 22.5697, "lng": 88.3486}, {"name": "Esplanade", "sequence": 12, "lat": 22.5645, "lng": 88.351}], "origin": "B Garden", "destination": "Esplanade"}}, {"type": "Feature", "geometry": {"type": "LineString", "coordinates": [[88.2958858, 22.5628886], [88.2991527, 22.5641295], [88.270405, 22.5677228], [88.321, 22.5775], [88.325, 22.581], [88.325, 22.581], [88.327, 22.58], [88.329, 22.584], [88.334, 22.589], [88.3426, 22.5838], [88.353, 22.576], [88.3486, 22.5697], [88.351, 22.5645]]}, "properties": {"id": "Danesh Shaikh Lane Esplanade Mini|Esplanade|mini", "code": "Danesh Shaikh Lane Esplanade Mini", "kind": "mini", "scope": "local", "towards": "Esplanade", "directional": true, "stop_count": 13, "geocoded_stops": 13, "coverage": 1.0, "geom_source": "straight", "stops": [{"name": "Danesh Shaikh Lane", "sequence": 1, "lat": 22.5628886, "lng": 88.2958858}, {"name": "Amtala Phari", "sequence": 2, "lat": 22.5641295, "lng": 88.2991527}, {"name": "Narayana Hospital", "sequence": 3, "lat": 22.5677228, "lng": 88.270405}, {"name": "Bataitala Phari", "sequence": 4, "lat": 22.5775, "lng": 88.321}, {"name": "Kazipara", "sequence": 5, "lat": 22.581, "lng": 88.325}, {"name": "Avani Mall", "sequence": 6, "lat": 22.581, "lng": 88.325}, {"name": "Shibpur Bazar", "sequence": 7, "lat": 22.58, "lng": 88.327}, {"name": "Mallick Fatak", "sequence": 8, "lat": 22.584, "lng": 88.329}, {"name": "Howrah Maidan", "sequence": 9, "lat": 22.589, "lng": 88.334}, {"name": "Howrah Station", "sequence": 10, "lat": 22.5838, "lng": 88.3426}, {"name": "Barabazar", "sequence": 11, "lat": 22.576, "lng": 88.353}, {"name": "BBD Bag", "sequence": 12, "lat": 22.5697, "lng": 88.3486}, {"name": "Esplanade", "sequence": 13, "lat": 22.5645, "lng": 88.351}], "origin": "Danesh Shaikh Lane", "destination": "Esplanade"}}, {"type": "Feature", "geometry": {"type": "LineString", "coordinates": [[88.334, 22.589], [88.3426, 22.5838], [88.353, 22.576], [88.351, 22.586], [88.3530995, 22.582799066666666], [88.35319899999999, 22.589598133333332], [88.3532985, 22.5963972], [88.367, 22.598], [88.367, 22.601], [88.374, 22.599]]}, "properties": {"id": "Howrah Maidan Shyambazar Mini|Shyambazar|mini", "code": "Howrah Maidan Shyambazar Mini", "kind": "mini", "scope": "local", "towards": "Shyambazar", "directional": true, "stop_count": 11, "geocoded_stops": 10, "coverage": 0.909, "geom_source": "straight", "stops": [{"name": "Howrah Maidan", "sequence": 1, "lat": 22.589, "lng": 88.334}, {"name": "Howrah Station", "sequence": 2, "lat": 22.5838, "lng": 88.3426}, {"name": "Barabazar", "sequence": 3, "lat": 22.576, "lng": 88.353}, {"name": "Posta Bazar", "sequence": 4, "lat": 22.586, "lng": 88.351}, {"name": "Malapara", "sequence": 5, "lat": 22.582799066666666, "lng": 88.3530995}, {"name": "Jorabagan", "sequence": 6, "lat": 22.589598133333332, "lng": 88.35319899999999}, {"name": "Ahiritola", "sequence": 7, "lat": 22.5963972, "lng": 88.3532985}, {"name": "Sovabazar", "sequence": 9, "lat": 22.598, "lng": 88.367}, {"name": "Rajballavpara", "sequence": 10, "lat": 22.601, "lng": 88.367}, {"name": "Shyambazar", "sequence": 11, "lat": 22.599, "lng": 88.374}], "origin": "Howrah Maidan", "destination": "Shyambazar"}}, {"type": "Feature", "geometry": {"type": "LineString", "coordinates": [[88.3176363, 22.5697077], [88.325, 22.581], [88.325, 22.581], [88.327, 22.58], [88.329, 22.584], [88.334, 22.589], [88.3426, 22.5838], [88.353, 22.576], [88.3486, 22.5697], [88.351, 22.5645]]}, "properties": {"id": "Mandirtala Esplanade Mini|Esplanade|mini", "code": "Mandirtala Esplanade Mini", "kind": "mini", "scope": "local", "towards": "Esplanade", "directional": true, "stop_count": 10, "geocoded_stops": 10, "coverage": 1.0, "geom_source": "straight", "stops": [{"name": "Mandirtala", "sequence": 1, "lat": 22.5697077, "lng": 88.3176363}, {"name": "Kazipara", "sequence": 2, "lat": 22.581, "lng": 88.325}, {"name": "Avani Mall", "sequence": 3, "lat": 22.581, "lng": 88.325}, {"name": "Shibpur Bazar", "sequence": 4, "lat": 22.58, "lng": 88.327}, {"name": "Mallick Fatak", "sequence": 5, "lat": 22.584, "lng": 88.329}, {"name": "Howrah Maidan", "sequence": 6, "lat": 22.589, "lng": 88.334}, {"name": "Howrah Station", "sequence": 7, "lat": 22.5838, "lng": 88.3426}, {"name": "Barabazar", "sequence": 8, "lat": 22.576, "lng": 88.353}, {"name": "BBD Bag", "sequence": 9, "lat": 22.5697, "lng": 88.3486}, {"name": "Esplanade", "sequence": 10, "lat": 22.5645, "lng": 88.351}], "origin": "Mandirtala", "destination": "Esplanade"}}, {"type": "Feature", "geometry": {"type": "LineString", "coordinates": [[88.32, 22.62], [88.321, 22.626], [88.353, 22.637], [88.324, 22.618], [88.328, 22.589], [88.33, 22.589], [88.333, 22.587], [88.33200000000001, 22.589], [88.3426, 22.5838], [88.353, 22.576], [88.3486, 22.5697], [88.351, 22.5645], [88.3396621, 22.5650989], [88.336, 22.561], [88.334, 22.547], [88.332, 22.538]]}, "properties": {"id": "Ballykhal Kidderpore Mini|Kidderpore|mini", "code": "Ballykhal Kidderpore Mini", "kind": "mini", "scope": "local", "towards": "Kidderpore", "directional": true, "stop_count": 16, "geocoded_stops": 16, "coverage": 1.0, "geom_source": "straight", "stops": [{"name": "Ballykhal", "sequence": 1, "lat": 22.62, "lng": 88.32}, {"name": "Bally Bazar", "sequence": 2, "lat": 22.626, "lng": 88.321}, {"name": "Belurmath", "sequence": 3, "lat": 22.637, "lng": 88.353}, {"name": "Liluah", "sequence": 4, "lat": 22.618, "lng": 88.324}, {"name": "Bandha Ghat", "sequence": 5, "lat": 22.589, "lng": 88.328}, {"name": "Salkia Chowrasta", "sequence": 6, "lat": 22.589, "lng": 88.33}, {"name": "Golabarai PS", "sequence": 7, "lat": 22.587, "lng": 88.333}, {"name": "Pilkhana", "sequence": 8, "lat": 22.589, "lng": 88.33200000000001}, {"name": "Howrah Station", "sequence": 9, "lat": 22.5838, "lng": 88.3426}, {"name": "Barabazar", "sequence": 10, "lat": 22.576, "lng": 88.353}, {"name": "BBD Bag", "sequence": 11, "lat": 22.5697, "lng": 88.3486}, {"name": "Esplanade", "sequence": 12, "lat": 22.5645, "lng": 88.351}, {"name": "Babughat", "sequence": 13, "lat": 22.5650989, "lng": 88.3396621}, {"name": "Princep Ghat", "sequence": 14, "lat": 22.561, "lng": 88.336}, {"name": "Hastings", "sequence": 15, "lat": 22.547, "lng": 88.334}, {"name": "Kidderpore", "sequence": 16, "lat": 22.538, "lng": 88.332}], "origin": "Ballykhal", "destination": "Kidderpore"}}, {"type": "Feature", "geometry": {"type": "LineString", "coordinates": [[88.353, 22.637], [88.324, 22.618], [88.328, 22.589], [88.333, 22.587], [88.3426, 22.5838], [88.353, 22.576], [88.3486, 22.5697], [88.351, 22.5645]]}, "properties": {"id": "Belurmath Esplanade Mini|Esplanade|mini", "code": "Belurmath Esplanade Mini", "kind": "mini", "scope": "local", "towards": "Esplanade", "directional": true, "stop_count": 8, "geocoded_stops": 8, "coverage": 1.0, "geom_source": "straight", "stops": [{"name": "Belurmath", "sequence": 1, "lat": 22.637, "lng": 88.353}, {"name": "Liluah", "sequence": 2, "lat": 22.618, "lng": 88.324}, {"name": "Bandha Ghat", "sequence": 3, "lat": 22.589, "lng": 88.328}, {"name": "Golabarai PS", "sequence": 4, "lat": 22.587, "lng": 88.333}, {"name": "Howrah Station", "sequence": 5, "lat": 22.5838, "lng": 88.3426}, {"name": "Barabazar", "sequence": 6, "lat": 22.576, "lng": 88.353}, {"name": "BBD Bag", "sequence": 7, "lat": 22.5697, "lng": 88.3486}, {"name": "Esplanade", "sequence": 8, "lat": 22.5645, "lng": 88.351}], "origin": "Belurmath", "destination": "Esplanade"}}, {"type": "Feature", "geometry": {"type": "LineString", "coordinates": [[88.334, 22.589], [88.3426, 22.5838], [88.353, 22.576], [88.3486, 22.5697], [88.351, 22.5645], [88.352, 22.553], [88.346, 22.553], [88.347, 22.544]]}, "properties": {"id": "Howrah Maidan Rabindra Sadan Mini|Rabindra Sadan|mini", "code": "Howrah Maidan Rabindra Sadan Mini", "kind": "mini", "scope": "local", "towards": "Rabindra Sadan", "directional": true, "stop_count": 8, "geocoded_stops": 8, "coverage": 1.0, "geom_source": "straight", "stops": [{"name": "Howrah Maidan", "sequence": 1, "lat": 22.589, "lng": 88.334}, {"name": "Howrah Station", "sequence": 2, "lat": 22.5838, "lng": 88.3426}, {"name": "Barabazar", "sequence": 3, "lat": 22.576, "lng": 88.353}, {"name": "BBD Bag", "sequence": 4, "lat": 22.5697, "lng": 88.3486}, {"name": "Esplanade", "sequence": 5, "lat": 22.5645, "lng": 88.351}, {"name": "Park Street", "sequence": 6, "lat": 22.553, "lng": 88.352}, {"name": "Maidan", "sequence": 7, "lat": 22.553, "lng": 88.346}, {"name": "Rabindra Sadan", "sequence": 8, "lat": 22.544, "lng": 88.347}], "origin": "Howrah Maidan", "destination": "Rabindra Sadan"}}, {"type": "Feature", "geometry": {"type": "LineString", "coordinates": [[88.0867092, 22.5582414], [88.2, 22.579], [88.2358751, 22.5854821], [88.24997239999999, 22.57391875], [88.2640697, 22.5623554], [88.27508405, 22.563253600000003], [88.2860984, 22.5641518], [88.2958858, 22.5628886], [88.2991527, 22.5641295], [88.270405, 22.5677228], [88.321, 22.5775], [88.325, 22.581], [88.325, 22.581], [88.327, 22.58], [88.329, 22.584], [88.334, 22.589], [88.3426, 22.5838], [88.353, 22.576], [88.351, 22.586], [88.3530995, 22.582799066666666], [88.35319899999999, 22.589598133333332], [88.3532985, 22.5963972]]}, "properties": {"id": "Ranihati Ahiritola Mini|Ahiritola|mini", "code": "Ranihati Ahiritola Mini", "kind": "mini", "scope": "local", "towards": "Ahiritola", "directional": true, "stop_count": 23, "geocoded_stops": 22, "coverage": 0.957, "geom_source": "straight", "stops": [{"name": "Ranihati", "sequence": 1, "lat": 22.5582414, "lng": 88.0867092}, {"name": "Dhulagarh", "sequence": 2, "lat": 22.579, "lng": 88.2}, {"name": "Andul Bazar", "sequence": 4, "lat": 22.5854821, "lng": 88.2358751}, {"name": "Mourigram", "sequence": 5, "lat": 22.57391875, "lng": 88.24997239999999}, {"name": "Chunavati", "sequence": 6, "lat": 22.5623554, "lng": 88.2640697}, {"name": "Hanskhali", "sequence": 7, "lat": 22.563253600000003, "lng": 88.27508405}, {"name": "Bakultala", "sequence": 8, "lat": 22.5641518, "lng": 88.2860984}, {"name": "Danesh Shaikh Lane", "sequence": 9, "lat": 22.5628886, "lng": 88.2958858}, {"name": "Amtala Phari", "sequence": 10, "lat": 22.5641295, "lng": 88.2991527}, {"name": "Narayana Hospital", "sequence": 11, "lat": 22.5677228, "lng": 88.270405}, {"name": "Bataitala Phari", "sequence": 12, "lat": 22.5775, "lng": 88.321}, {"name": "Kazipara", "sequence": 13, "lat": 22.581, "lng": 88.325}, {"name": "Avani Mall", "sequence": 14, "lat": 22.581, "lng": 88.325}, {"name": "Shibpur Bazar", "sequence": 15, "lat": 22.58, "lng": 88.327}, {"name": "Mallick Fatak", "sequence": 16, "lat": 22.584, "lng": 88.329}, {"name": "Howrah Maidan", "sequence": 17, "lat": 22.589, "lng": 88.334}, {"name": "Howrah Station", "sequence": 18, "lat": 22.5838, "lng": 88.3426}, {"name": "Barabazar", "sequence": 19, "lat": 22.576, "lng": 88.353}, {"name": "Posta Bazar", "sequence": 20, "lat": 22.586, "lng": 88.351}, {"name": "Malapara", "sequence": 21, "lat": 22.582799066666666, "lng": 88.3530995}, {"name": "Jorabagan", "sequence": 22, "lat": 22.589598133333332, "lng": 88.35319899999999}, {"name": "Ahiritola", "sequence": 23, "lat": 22.5963972, "lng": 88.3532985}], "origin": "Ranihati", "destination": "Ahiritola"}}, {"type": "Feature", "geometry": {"type": "LineString", "coordinates": [[88.2, 22.579], [88.2358751, 22.5854821], [88.24997239999999, 22.57391875], [88.2640697, 22.5623554], [88.27508405, 22.563253600000003], [88.2860984, 22.5641518], [88.2958858, 22.5628886], [88.2991527, 22.5641295], [88.270405, 22.5677228], [88.321, 22.5775], [88.325, 22.581], [88.325, 22.581], [88.327, 22.58], [88.329, 22.584], [88.334, 22.589], [88.3426, 22.5838], [88.353, 22.576], [88.351, 22.586], [88.3530995, 22.582799066666666], [88.35319899999999, 22.589598133333332], [88.3532985, 22.5963972]]}, "properties": {"id": "Fatikgachi Ahiritola Mini|Ahiritola|mini", "code": "Fatikgachi Ahiritola Mini", "kind": "mini", "scope": "local", "towards": "Ahiritola", "directional": true, "stop_count": 23, "geocoded_stops": 21, "coverage": 0.913, "geom_source": "straight", "stops": [{"name": "Dhulagarh", "sequence": 2, "lat": 22.579, "lng": 88.2}, {"name": "Andul Bazar", "sequence": 4, "lat": 22.5854821, "lng": 88.2358751}, {"name": "Mourigram", "sequence": 5, "lat": 22.57391875, "lng": 88.24997239999999}, {"name": "Chunavati", "sequence": 6, "lat": 22.5623554, "lng": 88.2640697}, {"name": "Hanskhali", "sequence": 7, "lat": 22.563253600000003, "lng": 88.27508405}, {"name": "Bakultala", "sequence": 8, "lat": 22.5641518, "lng": 88.2860984}, {"name": "Danesh Shaikh Lane", "sequence": 9, "lat": 22.5628886, "lng": 88.2958858}, {"name": "Amtala Phari", "sequence": 10, "lat": 22.5641295, "lng": 88.2991527}, {"name": "Narayana Hospital", "sequence": 11, "lat": 22.5677228, "lng": 88.270405}, {"name": "Bataitala Phari", "sequence": 12, "lat": 22.5775, "lng": 88.321}, {"name": "Kazipara", "sequence": 13, "lat": 22.581, "lng": 88.325}, {"name": "Avani Mall", "sequence": 14, "lat": 22.581, "lng": 88.325}, {"name": "Shibpur Bazar", "sequence": 15, "lat": 22.58, "lng": 88.327}, {"name": "Mallick Fatak", "sequence": 16, "lat": 22.584, "lng": 88.329}, {"name": "Howrah Maidan", "sequence": 17, "lat": 22.589, "lng": 88.334}, {"name": "Howrah Station", "sequence": 18, "lat": 22.5838, "lng": 88.3426}, {"name": "Barabazar", "sequence": 19, "lat": 22.576, "lng": 88.353}, {"name": "Posta Bazar", "sequence": 20, "lat": 22.586, "lng": 88.351}, {"name": "Malapara", "sequence": 21, "lat": 22.582799066666666, "lng": 88.3530995}, {"name": "Jorabagan", "sequence": 22, "lat": 22.589598133333332, "lng": 88.35319899999999}, {"name": "Ahiritola", "sequence": 23, "lat": 22.5963972, "lng": 88.3532985}], "origin": "Fatikgachi", "destination": "Ahiritola"}}, {"type": "Feature", "geometry": {"type": "LineString", "coordinates": [[88.292, 22.592], [88.33850000000001, 22.5965], [88.385, 22.601], [88.33, 22.589], [88.328, 22.589], [88.333, 22.587], [88.33200000000001, 22.589], [88.3426, 22.5838], [88.353, 22.576], [88.3486, 22.5697], [88.351, 22.5645]]}, "properties": {"id": "Kona Esplanade Mini|Esplanade|mini", "code": "Kona Esplanade Mini", "kind": "mini", "scope": "local", "towards": "Esplanade", "directional": true, "stop_count": 12, "geocoded_stops": 11, "coverage": 0.917, "geom_source": "straight", "stops": [{"name": "Kona", "sequence": 1, "lat": 22.592, "lng": 88.292}, {"name": "Biradingi", "sequence": 2, "lat": 22.5965, "lng": 88.33850000000001}, {"name": "Belgachia", "sequence": 3, "lat": 22.601, "lng": 88.385}, {"name": "Salkia Chowrasta", "sequence": 5, "lat": 22.589, "lng": 88.33}, {"name": "Bandha Ghat", "sequence": 6, "lat": 22.589, "lng": 88.328}, {"name": "Golabarai PS", "sequence": 7, "lat": 22.587, "lng": 88.333}, {"name": "Pilkhana", "sequence": 8, "lat": 22.589, "lng": 88.33200000000001}, {"name": "Howrah Station", "sequence": 9, "lat": 22.5838, "lng": 88.3426}, {"name": "Barabazar", "sequence": 10, "lat": 22.576, "lng": 88.353}, {"name": "BBD Bag", "sequence": 11, "lat": 22.5697, "lng": 88.3486}, {"name": "Esplanade", "sequence": 12, "lat": 22.5645, "lng": 88.351}], "origin": "Kona", "destination": "Esplanade"}}, {"type": "Feature", "geometry": {"type": "LineString", "coordinates": [[87.31, 22.355], [88.2358751, 22.5854821], [88.24997239999999, 22.57391875], [88.2640697, 22.5623554], [88.27508405, 22.563253600000003], [88.2860984, 22.5641518], [88.2958858, 22.5628886], [88.2991527, 22.5641295], [88.270405, 22.5677228], [88.321, 22.5775], [88.325, 22.581], [88.325, 22.581], [88.327, 22.58], [88.329, 22.584], [88.334, 22.589], [88.3426, 22.5838], [88.353, 22.576], [88.351, 22.586], [88.3530995, 22.582799066666666], [88.35319899999999, 22.589598133333332], [88.3532985, 22.5963972], [88.367, 22.598], [88.372, 22.5945], [88.383, 22.595], [88.399, 22.591]]}, "properties": {"id": "Alampur Ultadanga Mini|Ultadanga|mini", "code": "Alampur Ultadanga Mini", "kind": "mini", "scope": "local", "towards": "Ultadanga", "directional": true, "stop_count": 26, "geocoded_stops": 25, "coverage": 0.962, "geom_source": "straight", "stops": [{"name": "Alampur", "sequence": 1, "lat": 22.355, "lng": 87.31}, {"name": "Andul Bazar", "sequence": 2, "lat": 22.5854821, "lng": 88.2358751}, {"name": "Mourigram", "sequence": 3, "lat": 22.57391875, "lng": 88.24997239999999}, {"name": "Chunavati", "sequence": 4, "lat": 22.5623554, "lng": 88.2640697}, {"name": "Hanskhali", "sequence": 5, "lat": 22.563253600000003, "lng": 88.27508405}, {"name": "Bakultala", "sequence": 6, "lat": 22.5641518, "lng": 88.2860984}, {"name": "Danesh Shaikh Lane", "sequence": 7, "lat": 22.5628886, "lng": 88.2958858}, {"name": "Amtala Phari", "sequence": 8, "lat": 22.5641295, "lng": 88.2991527}, {"name": "Narayana Hospital", "sequence": 9, "lat": 22.5677228, "lng": 88.270405}, {"name": "Bataitala Phari", "sequence": 10, "lat": 22.5775, "lng": 88.321}, {"name": "Kazipara", "sequence": 11, "lat": 22.581, "lng": 88.325}, {"name": "Avani Mall", "sequence": 12, "lat": 22.581, "lng": 88.325}, {"name": "Shibpur Bazar", "sequence": 13, "lat": 22.58, "lng": 88.327}, {"name": "Mallick Fatak", "sequence": 14, "lat": 22.584, "lng": 88.329}, {"name": "Howrah Maidan", "sequence": 15, "lat": 22.589, "lng": 88.334}, {"name": "Howrah Station", "sequence": 16, "lat": 22.5838, "lng": 88.3426}, {"name": "Barabazar", "sequence": 17, "lat": 22.576, "lng": 88.353}, {"name": "Posta Bazar", "sequence": 18, "lat": 22.586, "lng": 88.351}, {"name": "Malapara", "sequence": 19, "lat": 22.582799066666666, "lng": 88.3530995}, {"name": "Jorabagan", "sequence": 20, "lat": 22.589598133333332, "lng": 88.35319899999999}, {"name": "Ahiritola", "sequence": 21, "lat": 22.5963972, "lng": 88.3532985}, {"name": "Sovabazar", "sequence": 23, "lat": 22.598, "lng": 88.367}, {"name": "Hatibagan", "sequence": 24, "lat": 22.5945, "lng": 88.372}, {"name": "Khanna Cinema", "sequence": 25, "lat": 22.595, "lng": 88.383}, {"name": "Ultadanga", "sequence": 26, "lat": 22.591, "lng": 88.399}], "origin": "Alampur", "destination": "Ultadanga"}}, {"type": "Feature", "geometry": {"type": "LineString", "coordinates": [[88.24997239999999, 22.57391875], [88.2640697, 22.5623554], [88.27508405, 22.563253600000003], [88.2860984, 22.5641518], [88.2958858, 22.5628886], [88.2991527, 22.5641295], [88.270405, 22.5677228], [88.321, 22.5775], [88.325, 22.581], [88.325, 22.581], [88.327, 22.58], [88.329, 22.584], [88.334, 22.589], [88.3426, 22.5838], [88.353, 22.576], [88.357, 22.582], [88.362, 22.587], [88.363, 22.584], [88.387, 22.586], [88.396, 22.58], [88.399, 22.591], [88.41160365, 22.5866176], [88.4242073, 22.5822352], [88.4056169, 22.5829732], [88.40530845, 22.576486600000003], [88.405, 22.57]]}, "properties": {"id": "Mourigram Saltlake Stadium Mini|Saltlake Stadium|mini", "code": "Mourigram Saltlake Stadium Mini", "kind": "mini", "scope": "local", "towards": "Saltlake Stadium", "directional": true, "stop_count": 26, "geocoded_stops": 26, "coverage": 1.0, "geom_source": "straight", "stops": [{"name": "Mourigram", "sequence": 1, "lat": 22.57391875, "lng": 88.24997239999999}, {"name": "Chunavati", "sequence": 2, "lat": 22.5623554, "lng": 88.2640697}, {"name": "Hanskhali", "sequence": 3, "lat": 22.563253600000003, "lng": 88.27508405}, {"name": "Bakultala", "sequence": 4, "lat": 22.5641518, "lng": 88.2860984}, {"name": "Danesh Shaikh Lane", "sequence": 5, "lat": 22.5628886, "lng": 88.2958858}, {"name": "Amtala Phari", "sequence": 6, "lat": 22.5641295, "lng": 88.2991527}, {"name": "Narayana Hospital", "sequence": 7, "lat": 22.5677228, "lng": 88.270405}, {"name": "Bataitala Phari", "sequence": 8, "lat": 22.5775, "lng": 88.321}, {"name": "Kazipara", "sequence": 9, "lat": 22.581, "lng": 88.325}, {"name": "Avani Mall", "sequence": 10, "lat": 22.581, "lng": 88.325}, {"name": "Shibpur Bazar", "sequence": 11, "lat": 22.58, "lng": 88.327}, {"name": "Mallick Fatak", "sequence": 12, "lat": 22.584, "lng": 88.329}, {"name": "Howrah Maidan", "sequence": 13, "lat": 22.589, "lng": 88.334}, {"name": "Howrah Station", "sequence": 14, "lat": 22.5838, "lng": 88.3426}, {"name": "Barabazar", "sequence": 15, "lat": 22.576, "lng": 88.353}, {"name": "MG Road", "sequence": 16, "lat": 22.582, "lng": 88.357}, {"name": "Girish Park", "sequence": 17, "lat": 22.587, "lng": 88.362}, {"name": "Vivekananda Road", "sequence": 18, "lat": 22.584, "lng": 88.363}, {"name": "Maniktala", "sequence": 19, "lat": 22.586, "lng": 88.387}, {"name": "Kankurgachi", "sequence": 20, "lat": 22.58, "lng": 88.396}, {"name": "Ultadanga", "sequence": 21, "lat": 22.591, "lng": 88.399}, {"name": "Saltlake PNB", "sequence": 22, "lat": 22.5866176, "lng": 88.41160365}, {"name": "Saltlake CA Block", "sequence": 23, "lat": 22.5822352, "lng": 88.4242073}, {"name": "Labony Estate", "sequence": 24, "lat": 22.5829732, "lng": 88.4056169}, {"name": "Saltlake 13no Tank", "sequence": 25, "lat": 22.576486600000003, "lng": 88.40530845}, {"name": "Saltlake Stadium", "sequence": 26, "lat": 22.57, "lng": 88.405}], "origin": "Mourigram", "destination": "Saltlake Stadium"}}, {"type": "Feature", "geometry": {"type": "LineString", "coordinates": [[88.334, 22.589], [88.3426, 22.5838], [88.353, 22.576], [88.3486, 22.5697], [88.351, 22.5645], [88.341, 22.554], [88.34049999999999, 22.5455], [88.332, 22.536], [88.328, 22.535], [88.327, 22.531], [88.321, 22.523], [88.317, 22.506], [88.311, 22.498], [88.309, 22.495], [88.312, 22.483]]}, "properties": {"id": "Howrah Maidan Shilpara Mini|Shilpara|mini", "code": "Howrah Maidan Shilpara Mini", "kind": "mini", "scope": "local", "towards": "Shilpara", "directional": true, "stop_count": 15, "geocoded_stops": 15, "coverage": 1.0, "geom_source": "straight", "stops": [{"name": "Howrah Maidan", "sequence": 1, "lat": 22.589, "lng": 88.334}, {"name": "Howrah Station", "sequence": 2, "lat": 22.5838, "lng": 88.3426}, {"name": "Barabazar", "sequence": 3, "lat": 22.576, "lng": 88.353}, {"name": "BBD Bag", "sequence": 4, "lat": 22.5697, "lng": 88.3486}, {"name": "Esplanade", "sequence": 5, "lat": 22.5645, "lng": 88.351}, {"name": "Fort William", "sequence": 6, "lat": 22.554, "lng": 88.341}, {"name": "PTS", "sequence": 7, "lat": 22.5455, "lng": 88.34049999999999}, {"name": "Alipore Zoo", "sequence": 8, "lat": 22.536, "lng": 88.332}, {"name": "Ekbalpur", "sequence": 9, "lat": 22.535, "lng": 88.328}, {"name": "Mominpore", "sequence": 10, "lat": 22.531, "lng": 88.327}, {"name": "Majherhat", "sequence": 11, "lat": 22.523, "lng": 88.321}, {"name": "Behala 14 No", "sequence": 12, "lat": 22.506, "lng": 88.317}, {"name": "Behala Chowrasta", "sequence": 13, "lat": 22.498, "lng": 88.311}, {"name": "Sakher Bazar", "sequence": 14, "lat": 22.495, "lng": 88.309}, {"name": "Shilpara", "sequence": 15, "lat": 22.483, "lng": 88.312}], "origin": "Howrah Maidan", "destination": "Shilpara"}}, {"type": "Feature", "geometry": {"type": "LineString", "coordinates": [[88.235, 22.585], [88.2924227, 22.5886932], [88.34984539999999, 22.5923864], [88.36025895, 22.6986441], [88.3443222, 22.691585449999998], [88.32838545, 22.6845268], [88.2860984, 22.5641518], [88.2958858, 22.5628886], [88.2991527, 22.5641295], [88.270405, 22.5677228], [88.321, 22.5775], [88.325, 22.581], [88.325, 22.581], [88.327, 22.58], [88.329, 22.584], [88.334, 22.589], [88.3426, 22.5838]]}, "properties": {"id": "Sankrail Howrah Station Mini|Howrah Station|mini", "code": "Sankrail Howrah Station Mini", "kind": "mini", "scope": "local", "towards": "Howrah Station", "directional": true, "stop_count": 17, "geocoded_stops": 17, "coverage": 1.0, "geom_source": "straight", "stops": [{"name": "Sankrail", "sequence": 1, "lat": 22.585, "lng": 88.235}, {"name": "Chapatala", "sequence": 2, "lat": 22.5886932, "lng": 88.2924227}, {"name": "Rajgunge", "sequence": 3, "lat": 22.5923864, "lng": 88.34984539999999}, {"name": "Radhadashi", "sequence": 4, "lat": 22.6986441, "lng": 88.36025895}, {"name": "Podra Bazar", "sequence": 5, "lat": 22.691585449999998, "lng": 88.3443222}, {"name": "Nazirgunge", "sequence": 6, "lat": 22.6845268, "lng": 88.32838545}, {"name": "Bakultala", "sequence": 7, "lat": 22.5641518, "lng": 88.2860984}, {"name": "Danesh Shaikh Lane", "sequence": 8, "lat": 22.5628886, "lng": 88.2958858}, {"name": "Amtala Phari", "sequence": 9, "lat": 22.5641295, "lng": 88.2991527}, {"name": "Narayana Hospital", "sequence": 10, "lat": 22.5677228, "lng": 88.270405}, {"name": "Bataitala Phari", "sequence": 11, "lat": 22.5775, "lng": 88.321}, {"name": "Kazipara", "sequence": 12, "lat": 22.581, "lng": 88.325}, {"name": "Avani Mall", "sequence": 13, "lat": 22.581, "lng": 88.325}, {"name": "Shibpur Bazar", "sequence": 14, "lat": 22.58, "lng": 88.327}, {"name": "Mallick Fatak", "sequence": 15, "lat": 22.584, "lng": 88.329}, {"name": "Howrah Maidan", "sequence": 16, "lat": 22.589, "lng": 88.334}, {"name": "Howrah Station", "sequence": 17, "lat": 22.5838, "lng": 88.3426}], "origin": "Sankrail", "destination": "Howrah Station"}}, {"type": "Feature", "geometry": {"type": "LineString", "coordinates": [[88.326, 22.61], [88.328, 22.589], [88.33, 22.589], [88.333, 22.587], [88.33200000000001, 22.589], [88.3426, 22.5838], [88.353, 22.576], [88.357, 22.582], [88.364, 22.575], [88.37, 22.5675]]}, "properties": {"id": "Malipanchghara Sealdah Mini|Sealdah|mini", "code": "Malipanchghara Sealdah Mini", "kind": "mini", "scope": "local", "towards": "Sealdah", "directional": true, "stop_count": 10, "geocoded_stops": 10, "coverage": 1.0, "geom_source": "straight", "stops": [{"name": "Malipanchghara", "sequence": 1, "lat": 22.61, "lng": 88.326}, {"name": "Bandha Ghat", "sequence": 2, "lat": 22.589, "lng": 88.328}, {"name": "Salkia Chowrasta", "sequence": 3, "lat": 22.589, "lng": 88.33}, {"name": "Golabarai PS", "sequence": 4, "lat": 22.587, "lng": 88.333}, {"name": "Pilkhana", "sequence": 5, "lat": 22.589, "lng": 88.33200000000001}, {"name": "Howrah Station", "sequence": 6, "lat": 22.5838, "lng": 88.3426}, {"name": "Barabazar", "sequence": 7, "lat": 22.576, "lng": 88.353}, {"name": "MG Road", "sequence": 8, "lat": 22.582, "lng": 88.357}, {"name": "College Street", "sequence": 9, "lat": 22.575, "lng": 88.364}, {"name": "Sealdah", "sequence": 10, "lat": 22.5675, "lng": 88.37}], "origin": "Malipanchghara", "destination": "Sealdah"}}, {"type": "Feature", "geometry": {"type": "LineString", "coordinates": [[88.287, 22.585], [88.2915914, 22.5774155], [88.3054629, 22.5781297], [88.30782, 22.5843167], [88.3015, 22.5915], [88.302, 22.595], [88.318, 22.598], [88.334, 22.589], [88.3426, 22.5838], [88.353, 22.576], [88.3486, 22.5697], [88.351, 22.5645]]}, "properties": {"id": "Santragachi Esplanade Mini|Esplanade|mini", "code": "Santragachi Esplanade Mini", "kind": "mini", "scope": "local", "towards": "Esplanade", "directional": true, "stop_count": 12, "geocoded_stops": 12, "coverage": 1.0, "geom_source": "straight", "stops": [{"name": "Santragachi", "sequence": 1, "lat": 22.585, "lng": 88.287}, {"name": "Baksara", "sequence": 2, "lat": 22.5774155, "lng": 88.2915914}, {"name": "Belepole", "sequence": 3, "lat": 22.5781297, "lng": 88.3054629}, {"name": "Natun Rasta", "sequence": 4, "lat": 22.5843167, "lng": 88.30782}, {"name": "Ichapur", "sequence": 5, "lat": 22.5915, "lng": 88.3015}, {"name": "Shanpur", "sequence": 6, "lat": 22.595, "lng": 88.302}, {"name": "Tikiapara Bypass", "sequence": 7, "lat": 22.598, "lng": 88.318}, {"name": "Howrah Maidan", "sequence": 8, "lat": 22.589, "lng": 88.334}, {"name": "Howrah Station", "sequence": 9, "lat": 22.5838, "lng": 88.3426}, {"name": "Barabazar", "sequence": 10, "lat": 22.576, "lng": 88.353}, {"name": "BBD Bag", "sequence": 11, "lat": 22.5697, "lng": 88.3486}, {"name": "Esplanade", "sequence": 12, "lat": 22.5645, "lng": 88.351}], "origin": "Santragachi", "destination": "Esplanade"}}, {"type": "Feature", "geometry": {"type": "LineString", "coordinates": [[88.37606456666666, 22.662599716666666], [88.42612, 22.5790355], [88.306, 22.598], [88.302, 22.595], [88.318, 22.598], [88.334, 22.589], [88.3426, 22.5838], [88.353, 22.576], [88.3486, 22.5697], [88.351, 22.5645], [88.352, 22.567], [88.359, 22.563], [88.368, 22.561], [88.35732114999999, 22.5431347], [88.3466423, 22.5252694], [88.367, 22.539]]}, "properties": {"id": "Bankra Bazar Park Circus Mini|Park Circus|mini", "code": "Bankra Bazar Park Circus Mini", "kind": "mini", "scope": "local", "towards": "Park Circus", "directional": true, "stop_count": 16, "geocoded_stops": 16, "coverage": 1.0, "geom_source": "straight", "stops": [{"name": "Bankra Bazar", "sequence": 1, "lat": 22.662599716666666, "lng": 88.37606456666666}, {"name": "Japani Gate", "sequence": 2, "lat": 22.5790355, "lng": 88.42612}, {"name": "Dasnagar", "sequence": 3, "lat": 22.598, "lng": 88.306}, {"name": "Shanpur", "sequence": 4, "lat": 22.595, "lng": 88.302}, {"name": "Tikiapara Bypass", "sequence": 5, "lat": 22.598, "lng": 88.318}, {"name": "Howrah Maidan", "sequence": 6, "lat": 22.589, "lng": 88.334}, {"name": "Howrah Station", "sequence": 7, "lat": 22.5838, "lng": 88.3426}, {"name": "Barabazar", "sequence": 8, "lat": 22.576, "lng": 88.353}, {"name": "BBD Bag", "sequence": 9, "lat": 22.5697, "lng": 88.3486}, {"name": "Esplanade", "sequence": 10, "lat": 22.5645, "lng": 88.351}, {"name": "Chandni Chowk", "sequence": 11, "lat": 22.567, "lng": 88.352}, {"name": "Wellington", "sequence": 12, "lat": 22.563, "lng": 88.359}, {"name": "Moulali", "sequence": 13, "lat": 22.561, "lng": 88.368}, {"name": "CIT Road", "sequence": 14, "lat": 22.5431347, "lng": 88.35732114999999}, {"name": "Chittaranjan Hospital", "sequence": 15, "lat": 22.5252694, "lng": 88.3466423}, {"name": "Park Circus", "sequence": 16, "lat": 22.539, "lng": 88.367}], "origin": "Bankra Bazar", "destination": "Park Circus"}}, {"type": "Feature", "geometry": {"type": "LineString", "coordinates": [[88.334, 22.589], [88.3426, 22.5838], [88.353, 22.576], [88.3486, 22.5697], [88.351, 22.5645], [88.352, 22.567], [88.359, 22.563], [88.368, 22.561], [88.35732114999999, 22.5431347], [88.3466423, 22.5252694], [88.367, 22.539]]}, "properties": {"id": "Howrah Maidan Park Circus Mini|Park Circus|mini", "code": "Howrah Maidan Park Circus Mini", "kind": "mini", "scope": "local", "towards": "Park Circus", "directional": true, "stop_count": 11, "geocoded_stops": 11, "coverage": 1.0, "geom_source": "straight", "stops": [{"name": "Howrah Maidan", "sequence": 1, "lat": 22.589, "lng": 88.334}, {"name": "Howrah Station", "sequence": 2, "lat": 22.5838, "lng": 88.3426}, {"name": "Barabazar", "sequence": 3, "lat": 22.576, "lng": 88.353}, {"name": "BBD Bag", "sequence": 4, "lat": 22.5697, "lng": 88.3486}, {"name": "Esplanade", "sequence": 5, "lat": 22.5645, "lng": 88.351}, {"name": "Chandni Chowk", "sequence": 6, "lat": 22.567, "lng": 88.352}, {"name": "Wellington", "sequence": 7, "lat": 22.563, "lng": 88.359}, {"name": "Moulali", "sequence": 8, "lat": 22.561, "lng": 88.368}, {"name": "CIT Road", "sequence": 9, "lat": 22.5431347, "lng": 88.35732114999999}, {"name": "Chittaranjan Hospital", "sequence": 10, "lat": 22.5252694, "lng": 88.3466423}, {"name": "Park Circus", "sequence": 11, "lat": 22.539, "lng": 88.367}], "origin": "Howrah Maidan", "destination": "Park Circus"}}, {"type": "Feature", "geometry": {"type": "LineString", "coordinates": [[88.324035, 22.598577], [88.32901749999999, 22.5937885], [88.334, 22.589], [88.3426, 22.5838], [88.351, 22.586], [88.3530995, 22.582799066666666], [88.35319899999999, 22.589598133333332], [88.3532985, 22.5963972], [88.367, 22.598], [88.372, 22.5945], [88.383, 22.595], [88.399, 22.591], [88.41160365, 22.5866176], [88.41082779999999, 22.5943703], [88.4215227, 22.597084], [88.41926135, 22.587542], [88.417, 22.578], [88.4266991, 22.5789982], [88.4308135, 22.5690146], [88.429, 22.577], [88.432, 22.576]]}, "properties": {"id": "Tikiapara Sector V Mini|Sector V|mini", "code": "Tikiapara Sector V Mini", "kind": "mini", "scope": "local", "towards": "Sector V", "directional": true, "stop_count": 22, "geocoded_stops": 21, "coverage": 0.955, "geom_source": "straight", "stops": [{"name": "Tikiapara", "sequence": 1, "lat": 22.598577, "lng": 88.324035}, {"name": "Belilious Road", "sequence": 2, "lat": 22.5937885, "lng": 88.32901749999999}, {"name": "Howrah Maidan", "sequence": 3, "lat": 22.589, "lng": 88.334}, {"name": "Howrah Station", "sequence": 4, "lat": 22.5838, "lng": 88.3426}, {"name": "Posta Bazar", "sequence": 5, "lat": 22.586, "lng": 88.351}, {"name": "Malapara", "sequence": 6, "lat": 22.582799066666666, "lng": 88.3530995}, {"name": "Jorabagan", "sequence": 7, "lat": 22.589598133333332, "lng": 88.35319899999999}, {"name": "Ahiritola", "sequence": 8, "lat": 22.5963972, "lng": 88.3532985}, {"name": "Sovabazar", "sequence": 10, "lat": 22.598, "lng": 88.367}, {"name": "Hatibagan", "sequence": 11, "lat": 22.5945, "lng": 88.372}, {"name": "Khanna Cinema", "sequence": 12, "lat": 22.595, "lng": 88.383}, {"name": "Ultadanga", "sequence": 13, "lat": 22.591, "lng": 88.399}, {"name": "Saltlake PNB", "sequence": 14, "lat": 22.5866176, "lng": 88.41160365}, {"name": "Saltlake 4no Tank", "sequence": 15, "lat": 22.5943703, "lng": 88.41082779999999}, {"name": "Baisakhi", "sequence": 16, "lat": 22.597084, "lng": 88.4215227}, {"name": "Purta Bhawan", "sequence": 17, "lat": 22.587542, "lng": 88.41926135}, {"name": "Karunamoyee", "sequence": 18, "lat": 22.578, "lng": 88.417}, {"name": "Wipro", "sequence": 19, "lat": 22.5789982, "lng": 88.4266991}, {"name": "SDF", "sequence": 20, "lat": 22.5690146, "lng": 88.4308135}, {"name": "College More", "sequence": 21, "lat": 22.577, "lng": 88.429}, {"name": "Sector V", "sequence": 22, "lat": 22.576, "lng": 88.432}], "origin": "Tikiapara", "destination": "Sector V"}}, {"type": "Feature", "geometry": {"type": "LineString", "coordinates": [[88.2669537, 22.659215], [88.38474755, 22.549683666666667], [88.3688454, 22.59471973333333], [88.292, 22.592], [88.33850000000001, 22.5965], [88.385, 22.601], [88.33, 22.589], [88.328, 22.589], [88.333, 22.587], [88.33200000000001, 22.589], [88.3426, 22.5838], [88.353, 22.576], [88.3486, 22.5697], [88.351, 22.5645]]}, "properties": {"id": "Baluhati Esplanade Mini|Esplanade|mini", "code": "Baluhati Esplanade Mini", "kind": "mini", "scope": "local", "towards": "Esplanade", "directional": true, "stop_count": 15, "geocoded_stops": 14, "coverage": 0.933, "geom_source": "straight", "stops": [{"name": "Baluhati", "sequence": 1, "lat": 22.659215, "lng": 88.2669537}, {"name": "Jagadishpur", "sequence": 2, "lat": 22.549683666666667, "lng": 88.38474755}, {"name": "Chamrail", "sequence": 3, "lat": 22.59471973333333, "lng": 88.3688454}, {"name": "Kona", "sequence": 4, "lat": 22.592, "lng": 88.292}, {"name": "Biradingi", "sequence": 5, "lat": 22.5965, "lng": 88.33850000000001}, {"name": "Belgachia", "sequence": 6, "lat": 22.601, "lng": 88.385}, {"name": "Salkia Chowrasta", "sequence": 8, "lat": 22.589, "lng": 88.33}, {"name": "Bandha Ghat", "sequence": 9, "lat": 22.589, "lng": 88.328}, {"name": "Golabarai PS", "sequence": 10, "lat": 22.587, "lng": 88.333}, {"name": "Pilkhana", "sequence": 11, "lat": 22.589, "lng": 88.33200000000001}, {"name": "Howrah Station", "sequence": 12, "lat": 22.5838, "lng": 88.3426}, {"name": "Barabazar", "sequence": 13, "lat": 22.576, "lng": 88.353}, {"name": "BBD Bag", "sequence": 14, "lat": 22.5697, "lng": 88.3486}, {"name": "Esplanade", "sequence": 15, "lat": 22.5645, "lng": 88.351}], "origin": "Baluhati", "destination": "Esplanade"}}, {"type": "Feature", "geometry": {"type": "LineString", "coordinates": [[88.334, 22.589], [88.3426, 22.5838], [88.353, 22.576], [88.3486, 22.5697], [88.351, 22.5645], [88.352, 22.553], [88.346, 22.553], [88.347, 22.544]]}, "properties": {"id": "Howrah Maidan Rabindra Sadan Mini|Rabindra Sadan|mini", "code": "Howrah Maidan Rabindra Sadan Mini", "kind": "mini", "scope": "local", "towards": "Rabindra Sadan", "directional": true, "stop_count": 8, "geocoded_stops": 8, "coverage": 1.0, "geom_source": "straight", "stops": [{"name": "Howrah Maidan", "sequence": 1, "lat": 22.589, "lng": 88.334}, {"name": "Howrah Station", "sequence": 2, "lat": 22.5838, "lng": 88.3426}, {"name": "Barabazar", "sequence": 3, "lat": 22.576, "lng": 88.353}, {"name": "BBD Bag", "sequence": 4, "lat": 22.5697, "lng": 88.3486}, {"name": "Esplanade", "sequence": 5, "lat": 22.5645, "lng": 88.351}, {"name": "Park Street", "sequence": 6, "lat": 22.553, "lng": 88.352}, {"name": "Maidan", "sequence": 7, "lat": 22.553, "lng": 88.346}, {"name": "Rabindra Sadan", "sequence": 8, "lat": 22.544, "lng": 88.347}], "origin": "Howrah Maidan", "destination": "Rabindra Sadan"}}, {"type": "Feature", "geometry": {"type": "LineString", "coordinates": [[88.2726692, 22.6314141], [88.265, 22.635], [88.2366824, 22.6286882], [88.28134576666667, 22.687426066666667], [88.32600913333333, 22.74616393333333], [88.37606456666666, 22.662599716666666], [88.42612, 22.5790355], [88.306, 22.598], [88.302, 22.595], [88.318, 22.598], [88.334, 22.589], [88.3426, 22.5838]]}, "properties": {"id": "Purash Howrah Station Mini|Howrah Station|mini", "code": "Purash Howrah Station Mini", "kind": "mini", "scope": "local", "towards": "Howrah Station", "directional": true, "stop_count": 15, "geocoded_stops": 12, "coverage": 0.8, "geom_source": "straight", "stops": [{"name": "Munshirhat", "sequence": 3, "lat": 22.6314141, "lng": 88.2726692}, {"name": "Domjur", "sequence": 5, "lat": 22.635, "lng": 88.265}, {"name": "Makardaha", "sequence": 6, "lat": 22.6286882, "lng": 88.2366824}, {"name": "Katlia", "sequence": 7, "lat": 22.687426066666667, "lng": 88.28134576666667}, {"name": "Salap", "sequence": 8, "lat": 22.74616393333333, "lng": 88.32600913333333}, {"name": "Bankra Bazar", "sequence": 9, "lat": 22.662599716666666, "lng": 88.37606456666666}, {"name": "Japani Gate", "sequence": 10, "lat": 22.5790355, "lng": 88.42612}, {"name": "Dasnagar", "sequence": 11, "lat": 22.598, "lng": 88.306}, {"name": "Shanpur", "sequence": 12, "lat": 22.595, "lng": 88.302}, {"name": "Tikiapara Bypass", "sequence": 13, "lat": 22.598, "lng": 88.318}, {"name": "Howrah Maidan", "sequence": 14, "lat": 22.589, "lng": 88.334}, {"name": "Howrah Station", "sequence": 15, "lat": 22.5838, "lng": 88.3426}], "origin": "Purash", "destination": "Howrah Station"}}, {"type": "Feature", "geometry": {"type": "LineString", "coordinates": [[88.1380703, 22.6667486], [88.265, 22.635], [88.2366824, 22.6286882], [88.28134576666667, 22.687426066666667], [88.32600913333333, 22.74616393333333], [88.37606456666666, 22.662599716666666], [88.42612, 22.5790355], [88.306, 22.598], [88.302, 22.595], [88.318, 22.598], [88.334, 22.589], [88.3426, 22.5838]]}, "properties": {"id": "Hantal Howrah Station Mini|Howrah Station|mini", "code": "Hantal Howrah Station Mini", "kind": "mini", "scope": "local", "towards": "Howrah Station", "directional": true, "stop_count": 13, "geocoded_stops": 12, "coverage": 0.923, "geom_source": "straight", "stops": [{"name": "Bargachia", "sequence": 2, "lat": 22.6667486, "lng": 88.1380703}, {"name": "Domjur", "sequence": 3, "lat": 22.635, "lng": 88.265}, {"name": "Makardaha", "sequence": 4, "lat": 22.6286882, "lng": 88.2366824}, {"name": "Katlia", "sequence": 5, "lat": 22.687426066666667, "lng": 88.28134576666667}, {"name": "Salap", "sequence": 6, "lat": 22.74616393333333, "lng": 88.32600913333333}, {"name": "Bankra Bazar", "sequence": 7, "lat": 22.662599716666666, "lng": 88.37606456666666}, {"name": "Japani Gate", "sequence": 8, "lat": 22.5790355, "lng": 88.42612}, {"name": "Dasnagar", "sequence": 9, "lat": 22.598, "lng": 88.306}, {"name": "Shanpur", "sequence": 10, "lat": 22.595, "lng": 88.302}, {"name": "Tikiapara Bypass", "sequence": 11, "lat": 22.598, "lng": 88.318}, {"name": "Howrah Maidan", "sequence": 12, "lat": 22.589, "lng": 88.334}, {"name": "Howrah Station", "sequence": 13, "lat": 22.5838, "lng": 88.3426}], "origin": "Hantal", "destination": "Howrah Station"}}, {"type": "Feature", "geometry": {"type": "LineString", "coordinates": [[88.306, 22.598], [88.302, 22.595], [88.318, 22.598], [88.334, 22.589], [88.3426, 22.5838], [88.353, 22.576], [88.3486, 22.5697], [88.351, 22.5645]]}, "properties": {"id": "Dasnagar Esplanade Mini|Esplanade|mini", "code": "Dasnagar Esplanade Mini", "kind": "mini", "scope": "local", "towards": "Esplanade", "directional": true, "stop_count": 8, "geocoded_stops": 8, "coverage": 1.0, "geom_source": "straight", "stops": [{"name": "Dasnagar", "sequence": 1, "lat": 22.598, "lng": 88.306}, {"name": "Shanpur", "sequence": 2, "lat": 22.595, "lng": 88.302}, {"name": "Tikiapara Bypass", "sequence": 3, "lat": 22.598, "lng": 88.318}, {"name": "Howrah Maidan", "sequence": 4, "lat": 22.589, "lng": 88.334}, {"name": "Howrah Station", "sequence": 5, "lat": 22.5838, "lng": 88.3426}, {"name": "Barabazar", "sequence": 6, "lat": 22.576, "lng": 88.353}, {"name": "BBD Bag", "sequence": 7, "lat": 22.5697, "lng": 88.3486}, {"name": "Esplanade", "sequence": 8, "lat": 22.5645, "lng": 88.351}], "origin": "Dasnagar", "destination": "Esplanade"}}, {"type": "Feature", "geometry": {"type": "LineString", "coordinates": [[88.3054766, 22.6327475], [88.4073886, 22.6911178], [88.33, 22.589], [88.328, 22.589], [88.333, 22.587], [88.33200000000001, 22.589], [88.3426, 22.5838], [88.353, 22.576], [88.3486, 22.5697], [88.351, 22.5645]]}, "properties": {"id": "Bhattanagar Esplanade Mini|Esplanade|mini", "code": "Bhattanagar Esplanade Mini", "kind": "mini", "scope": "local", "towards": "Esplanade", "directional": true, "stop_count": 11, "geocoded_stops": 10, "coverage": 0.909, "geom_source": "straight", "stops": [{"name": "Bhattanagar", "sequence": 1, "lat": 22.6327475, "lng": 88.3054766}, {"name": "Liluah Station", "sequence": 2, "lat": 22.6911178, "lng": 88.4073886}, {"name": "Salkia Chowrasta", "sequence": 4, "lat": 22.589, "lng": 88.33}, {"name": "Bandha Ghat", "sequence": 5, "lat": 22.589, "lng": 88.328}, {"name": "Golabarai PS", "sequence": 6, "lat": 22.587, "lng": 88.333}, {"name": "Pilkhana", "sequence": 7, "lat": 22.589, "lng": 88.33200000000001}, {"name": "Howrah Station", "sequence": 8, "lat": 22.5838, "lng": 88.3426}, {"name": "Barabazar", "sequence": 9, "lat": 22.576, "lng": 88.353}, {"name": "BBD Bag", "sequence": 10, "lat": 22.5697, "lng": 88.3486}, {"name": "Esplanade", "sequence": 11, "lat": 22.5645, "lng": 88.351}], "origin": "Bhattanagar", "destination": "Esplanade"}}, {"type": "Feature", "geometry": {"type": "LineString", "coordinates": [[88.3486, 22.5697], [88.351, 22.5645], [88.352, 22.553], [88.346, 22.553], [88.347, 22.544], [88.349, 22.536], [88.356, 22.538], [88.3626595, 22.5342517], [88.3638, 22.5275], [88.366, 22.517], [88.365, 22.513], [88.368, 22.504], [88.371, 22.497], [88.387, 22.479], [88.376, 22.483], [88.393, 22.465]]}, "properties": {"id": "BBD Bag Garia Bus Stand Mini|Garia Bus Stand|mini", "code": "BBD Bag Garia Bus Stand Mini", "kind": "mini", "scope": "local", "towards": "Garia Bus Stand", "directional": true, "stop_count": 16, "geocoded_stops": 16, "coverage": 1.0, "geom_source": "straight", "stops": [{"name": "BBD Bag", "sequence": 1, "lat": 22.5697, "lng": 88.3486}, {"name": "Esplanade", "sequence": 2, "lat": 22.5645, "lng": 88.351}, {"name": "Park Street", "sequence": 3, "lat": 22.553, "lng": 88.352}, {"name": "Maidan", "sequence": 4, "lat": 22.553, "lng": 88.346}, {"name": "Rabindra Sadan", "sequence": 5, "lat": 22.544, "lng": 88.347}, {"name": "Minto Park", "sequence": 6, "lat": 22.536, "lng": 88.349}, {"name": "Beck Bagan", "sequence": 7, "lat": 22.538, "lng": 88.356}, {"name": "Gurusaday Road", "sequence": 8, "lat": 22.5342517, "lng": 88.3626595}, {"name": "Ballygunge Phari", "sequence": 9, "lat": 22.5275, "lng": 88.3638}, {"name": "Gariahat", "sequence": 10, "lat": 22.517, "lng": 88.366}, {"name": "Golpark", "sequence": 11, "lat": 22.513, "lng": 88.365}, {"name": "Dhakuria", "sequence": 12, "lat": 22.504, "lng": 88.368}, {"name": "Jadavpur 8B", "sequence": 13, "lat": 22.497, "lng": 88.371}, {"name": "Baghajatin", "sequence": 14, "lat": 22.479, "lng": 88.387}, {"name": "Ramgarh", "sequence": 15, "lat": 22.483, "lng": 88.376}, {"name": "Garia Bus Stand", "sequence": 16, "lat": 22.465, "lng": 88.393}], "origin": "BBD Bag", "destination": "Garia Bus Stand"}}, {"type": "Feature", "geometry": {"type": "LineString", "coordinates": [[88.3486, 22.5697], [88.351, 22.5645], [88.352, 22.553], [88.346, 22.553], [88.347, 22.544], [88.349, 22.536], [88.356, 22.538], [88.367, 22.539], [88.39, 22.554], [88.395, 22.54], [88.3958619, 22.5310204], [88.401, 22.513], [88.4006497, 22.5046476], [88.399, 22.498], [88.3953832, 22.4902697], [88.3946916, 22.48113485], [88.394, 22.472], [88.3955, 22.466], [88.394, 22.464]]}, "properties": {"id": "BBD Bag Garia Station Mini|Garia Station|mini", "code": "BBD Bag Garia Station Mini", "kind": "mini", "scope": "local", "towards": "Garia Station", "directional": true, "stop_count": 20, "geocoded_stops": 19, "coverage": 0.95, "geom_source": "straight", "stops": [{"name": "BBD Bag", "sequence": 1, "lat": 22.5697, "lng": 88.3486}, {"name": "Esplanade", "sequence": 2, "lat": 22.5645, "lng": 88.351}, {"name": "Park Street", "sequence": 3, "lat": 22.553, "lng": 88.352}, {"name": "Maidan", "sequence": 4, "lat": 22.553, "lng": 88.346}, {"name": "Rabindra Sadan", "sequence": 5, "lat": 22.544, "lng": 88.347}, {"name": "Minto Park", "sequence": 6, "lat": 22.536, "lng": 88.349}, {"name": "Beck Bagan", "sequence": 7, "lat": 22.538, "lng": 88.356}, {"name": "Park Circus", "sequence": 8, "lat": 22.539, "lng": 88.367}, {"name": "Topsia", "sequence": 9, "lat": 22.554, "lng": 88.39}, {"name": "Science City", "sequence": 10, "lat": 22.54, "lng": 88.395}, {"name": "Uttar Panchannagram", "sequence": 11, "lat": 22.5310204, "lng": 88.3958619}, {"name": "Ruby", "sequence": 13, "lat": 22.513, "lng": 88.401}, {"name": "Kalikapur", "sequence": 14, "lat": 22.5046476, "lng": 88.4006497}, {"name": "Mukundapur", "sequence": 15, "lat": 22.498, "lng": 88.399}, {"name": "Ajaynagar", "sequence": 16, "lat": 22.4902697, "lng": 88.3953832}, {"name": "Hiland Park", "sequence": 17, "lat": 22.48113485, "lng": 88.3946916}, {"name": "Patuli", "sequence": 18, "lat": 22.472, "lng": 88.394}, {"name": "Dhalai Bridge", "sequence": 19, "lat": 22.466, "lng": 88.3955}, {"name": "Garia Station", "sequence": 20, "lat": 22.464, "lng": 88.394}], "origin": "BBD Bag", "destination": "Garia Station"}}, {"type": "Feature", "geometry": {"type": "LineString", "coordinates": [[88.3486, 22.5697], [88.351, 22.5645], [88.352, 22.553], [88.346, 22.553], [88.347, 22.544], [88.349, 22.536], [88.356, 22.538], [88.3626595, 22.5342517], [88.3638, 22.5275], [88.366, 22.517], [88.365, 22.513], [88.368, 22.504], [88.371, 22.497]]}, "properties": {"id": "BBD Bag Jadavpur 8B Mini|Jadavpur 8B|mini", "code": "BBD Bag Jadavpur 8B Mini", "kind": "mini", "scope": "local", "towards": "Jadavpur 8B", "directional": true, "stop_count": 13, "geocoded_stops": 13, "coverage": 1.0, "geom_source": "straight", "stops": [{"name": "BBD Bag", "sequence": 1, "lat": 22.5697, "lng": 88.3486}, {"name": "Esplanade", "sequence": 2, "lat": 22.5645, "lng": 88.351}, {"name": "Park Street", "sequence": 3, "lat": 22.553, "lng": 88.352}, {"name": "Maidan", "sequence": 4, "lat": 22.553, "lng": 88.346}, {"name": "Rabindra Sadan", "sequence": 5, "lat": 22.544, "lng": 88.347}, {"name": "Minto Park", "sequence": 6, "lat": 22.536, "lng": 88.349}, {"name": "Beck Bagan", "sequence": 7, "lat": 22.538, "lng": 88.356}, {"name": "Gurusaday Road", "sequence": 8, "lat": 22.5342517, "lng": 88.3626595}, {"name": "Ballygunge Phari", "sequence": 9, "lat": 22.5275, "lng": 88.3638}, {"name": "Gariahat", "sequence": 10, "lat": 22.517, "lng": 88.366}, {"name": "Golpark", "sequence": 11, "lat": 22.513, "lng": 88.365}, {"name": "Dhakuria", "sequence": 12, "lat": 22.504, "lng": 88.368}, {"name": "Jadavpur 8B", "sequence": 13, "lat": 22.497, "lng": 88.371}], "origin": "BBD Bag", "destination": "Jadavpur 8B"}}, {"type": "Feature", "geometry": {"type": "LineString", "coordinates": [[88.3486, 22.5697], [88.351, 22.5645], [88.352, 22.553], [88.346, 22.553], [88.347, 22.544], [88.349, 22.536], [88.356, 22.538], [88.3626595, 22.5342517], [88.3638, 22.5275], [88.366, 22.517], [88.365, 22.513], [88.368, 22.504], [88.3635, 22.5055]]}, "properties": {"id": "BBD Bag Jodhpur Park Mini|Jodhpur Park|mini", "code": "BBD Bag Jodhpur Park Mini", "kind": "mini", "scope": "local", "towards": "Jodhpur Park", "directional": true, "stop_count": 13, "geocoded_stops": 13, "coverage": 1.0, "geom_source": "straight", "stops": [{"name": "BBD Bag", "sequence": 1, "lat": 22.5697, "lng": 88.3486}, {"name": "Esplanade", "sequence": 2, "lat": 22.5645, "lng": 88.351}, {"name": "Park Street", "sequence": 3, "lat": 22.553, "lng": 88.352}, {"name": "Maidan", "sequence": 4, "lat": 22.553, "lng": 88.346}, {"name": "Rabindra Sadan", "sequence": 5, "lat": 22.544, "lng": 88.347}, {"name": "Minto Park", "sequence": 6, "lat": 22.536, "lng": 88.349}, {"name": "Beck Bagan", "sequence": 7, "lat": 22.538, "lng": 88.356}, {"name": "Gurusaday Road", "sequence": 8, "lat": 22.5342517, "lng": 88.3626595}, {"name": "Ballygunge Phari", "sequence": 9, "lat": 22.5275, "lng": 88.3638}, {"name": "Gariahat", "sequence": 10, "lat": 22.517, "lng": 88.366}, {"name": "Golpark", "sequence": 11, "lat": 22.513, "lng": 88.365}, {"name": "Dhakuria", "sequence": 12, "lat": 22.504, "lng": 88.368}, {"name": "Jodhpur Park", "sequence": 13, "lat": 22.5055, "lng": 88.3635}], "origin": "BBD Bag", "destination": "Jodhpur Park"}}, {"type": "Feature", "geometry": {"type": "LineString", "coordinates": [[88.3486, 22.5697], [88.351, 22.5645], [88.352, 22.553], [88.346, 22.553], [88.347, 22.544], [88.349, 22.536], [88.356, 22.538], [88.3626595, 22.5342517], [88.3638, 22.5275], [88.366, 22.517], [88.365, 22.513], [88.368, 22.504], [88.371, 22.497], [88.378, 22.487], [88.3953832, 22.4902697], [88.4, 22.51], [88.399, 22.498], [88.406, 22.474]]}, "properties": {"id": "Santoshpur BBD Bag Mini|Daspara|mini", "code": "Santoshpur BBD Bag Mini", "kind": "mini", "scope": "local", "towards": "Daspara", "directional": true, "stop_count": 19, "geocoded_stops": 18, "coverage": 0.947, "geom_source": "straight", "stops": [{"name": "BBD Bag", "sequence": 1, "lat": 22.5697, "lng": 88.3486}, {"name": "Esplanade", "sequence": 2, "lat": 22.5645, "lng": 88.351}, {"name": "Park Street", "sequence": 3, "lat": 22.553, "lng": 88.352}, {"name": "Maidan", "sequence": 4, "lat": 22.553, "lng": 88.346}, {"name": "Rabindra Sadan", "sequence": 5, "lat": 22.544, "lng": 88.347}, {"name": "Minto Park", "sequence": 6, "lat": 22.536, "lng": 88.349}, {"name": "Beck Bagan", "sequence": 7, "lat": 22.538, "lng": 88.356}, {"name": "Gurusaday Road", "sequence": 8, "lat": 22.5342517, "lng": 88.3626595}, {"name": "Ballygunge Phari", "sequence": 9, "lat": 22.5275, "lng": 88.3638}, {"name": "Gariahat", "sequence": 10, "lat": 22.517, "lng": 88.366}, {"name": "Golpark", "sequence": 11, "lat": 22.513, "lng": 88.365}, {"name": "Dhakuria", "sequence": 12, "lat": 22.504, "lng": 88.368}, {"name": "Jadavpur 8B", "sequence": 13, "lat": 22.497, "lng": 88.371}, {"name": "Santoshpur", "sequence": 14, "lat": 22.487, "lng": 88.378}, {"name": "Ajaynagar", "sequence": 15, "lat": 22.4902697, "lng": 88.3953832}, {"name": "EM Bypass", "sequence": 16, "lat": 22.51, "lng": 88.4}, {"name": "Mukundapur", "sequence": 17, "lat": 22.498, "lng": 88.399}, {"name": "Nayabad", "sequence": 18, "lat": 22.474, "lng": 88.406}], "origin": "BBD Bag", "destination": "Daspara"}}, {"type": "Feature", "geometry": {"type": "LineString", "coordinates": [[88.3426, 22.5838], [88.353, 22.576], [88.3486, 22.5697], [88.351, 22.5645], [88.352, 22.553], [88.346, 22.553], [88.347, 22.544], [88.349, 22.536], [88.35, 22.525], [88.348, 22.524], [88.3591029, 22.5256252], [88.3638, 22.5275], [88.366, 22.517], [88.365, 22.529], [88.3862, 22.5155], [88.391, 22.518], [88.3928, 22.5247], [88.401, 22.513], [88.403, 22.509]]}, "properties": {"id": "Howrah Station Anandapur Mini|Anandapur|mini", "code": "Howrah Station Anandapur Mini", "kind": "mini", "scope": "local", "towards": "Anandapur", "directional": true, "stop_count": 19, "geocoded_stops": 19, "coverage": 1.0, "geom_source": "straight", "stops": [{"name": "Howrah Station", "sequence": 1, "lat": 22.5838, "lng": 88.3426}, {"name": "Barabazar", "sequence": 2, "lat": 22.576, "lng": 88.353}, {"name": "BBD Bag", "sequence": 3, "lat": 22.5697, "lng": 88.3486}, {"name": "Esplanade", "sequence": 4, "lat": 22.5645, "lng": 88.351}, {"name": "Park Street", "sequence": 5, "lat": 22.553, "lng": 88.352}, {"name": "Maidan", "sequence": 6, "lat": 22.553, "lng": 88.346}, {"name": "Rabindra Sadan", "sequence": 7, "lat": 22.544, "lng": 88.347}, {"name": "Minto Park", "sequence": 8, "lat": 22.536, "lng": 88.349}, {"name": "Lansdowne", "sequence": 9, "lat": 22.525, "lng": 88.35}, {"name": "Sishu Mangal", "sequence": 10, "lat": 22.524, "lng": 88.348}, {"name": "Garcha Road", "sequence": 11, "lat": 22.5256252, "lng": 88.3591029}, {"name": "Ballygunge Phari", "sequence": 12, "lat": 22.5275, "lng": 88.3638}, {"name": "Gariahat", "sequence": 13, "lat": 22.517, "lng": 88.366}, {"name": "Ballygunge Station", "sequence": 14, "lat": 22.529, "lng": 88.365}, {"name": "Kasba PS", "sequence": 15, "lat": 22.5155, "lng": 88.3862}, {"name": "Bosepukur", "sequence": 16, "lat": 22.518, "lng": 88.391}, {"name": "Acropolis Mall", "sequence": 17, "lat": 22.5247, "lng": 88.3928}, {"name": "Ruby", "sequence": 18, "lat": 22.513, "lng": 88.401}, {"name": "Anandapur", "sequence": 19, "lat": 22.509, "lng": 88.403}], "origin": "Howrah Station", "destination": "Anandapur"}}, {"type": "Feature", "geometry": {"type": "LineString", "coordinates": [[88.3426, 22.5838], [88.353, 22.576], [88.3486, 22.5697], [88.351, 22.5645], [88.352, 22.553], [88.346, 22.553], [88.347, 22.544], [88.345, 22.53], [88.345, 22.526], [88.343, 22.518], [88.353, 22.514], [88.356, 22.522], [88.366, 22.517], [88.365, 22.529], [88.3862, 22.5155], [88.391, 22.518], [88.3928, 22.5247], [88.401, 22.513], [88.403, 22.509]]}, "properties": {"id": "Howrah Station Anandapur Mini|Anandapur|mini", "code": "Howrah Station Anandapur Mini", "kind": "mini", "scope": "local", "towards": "Anandapur", "directional": true, "stop_count": 19, "geocoded_stops": 19, "coverage": 1.0, "geom_source": "straight", "stops": [{"name": "Howrah Station", "sequence": 1, "lat": 22.5838, "lng": 88.3426}, {"name": "Barabazar", "sequence": 2, "lat": 22.576, "lng": 88.353}, {"name": "BBD Bag", "sequence": 3, "lat": 22.5697, "lng": 88.3486}, {"name": "Esplanade", "sequence": 4, "lat": 22.5645, "lng": 88.351}, {"name": "Park Street", "sequence": 5, "lat": 22.553, "lng": 88.352}, {"name": "Maidan", "sequence": 6, "lat": 22.553, "lng": 88.346}, {"name": "Rabindra Sadan", "sequence": 7, "lat": 22.544, "lng": 88.347}, {"name": "Bhowanipore", "sequence": 8, "lat": 22.53, "lng": 88.345}, {"name": "Hazra", "sequence": 9, "lat": 22.526, "lng": 88.345}, {"name": "Kalighat", "sequence": 10, "lat": 22.518, "lng": 88.343}, {"name": "Rashbehari", "sequence": 11, "lat": 22.514, "lng": 88.353}, {"name": "Deshapriya Park", "sequence": 12, "lat": 22.522, "lng": 88.356}, {"name": "Gariahat", "sequence": 13, "lat": 22.517, "lng": 88.366}, {"name": "Ballygunge Station", "sequence": 14, "lat": 22.529, "lng": 88.365}, {"name": "Kasba PS", "sequence": 15, "lat": 22.5155, "lng": 88.3862}, {"name": "Bosepukur", "sequence": 16, "lat": 22.518, "lng": 88.391}, {"name": "Acropolis Mall", "sequence": 17, "lat": 22.5247, "lng": 88.3928}, {"name": "Ruby", "sequence": 18, "lat": 22.513, "lng": 88.401}, {"name": "Anandapur", "sequence": 19, "lat": 22.509, "lng": 88.403}], "origin": "Howrah Station", "destination": "Anandapur"}}, {"type": "Feature", "geometry": {"type": "LineString", "coordinates": [[88.3426, 22.5838], [88.353, 22.576], [88.3486, 22.5697], [88.351, 22.5645], [88.352, 22.567], [88.359, 22.563], [88.368, 22.561], [88.362, 22.543], [88.367, 22.539], [88.3638, 22.5275], [88.3638, 22.5275], [88.366, 22.517], [88.365, 22.529], [88.387, 22.516]]}, "properties": {"id": "Howrah Station Kasba Rathtala Mini|Kasba Rathtala|mini", "code": "Howrah Station Kasba Rathtala Mini", "kind": "mini", "scope": "local", "towards": "Kasba Rathtala", "directional": true, "stop_count": 15, "geocoded_stops": 14, "coverage": 0.933, "geom_source": "straight", "stops": [{"name": "Howrah Station", "sequence": 1, "lat": 22.5838, "lng": 88.3426}, {"name": "Barabazar", "sequence": 2, "lat": 22.576, "lng": 88.353}, {"name": "BBD Bag", "sequence": 3, "lat": 22.5697, "lng": 88.3486}, {"name": "Esplanade", "sequence": 4, "lat": 22.5645, "lng": 88.351}, {"name": "Chandni Chowk", "sequence": 5, "lat": 22.567, "lng": 88.352}, {"name": "Wellington", "sequence": 6, "lat": 22.563, "lng": 88.359}, {"name": "Moulali", "sequence": 7, "lat": 22.561, "lng": 88.368}, {"name": "Mallick Bazar", "sequence": 8, "lat": 22.543, "lng": 88.362}, {"name": "Park Circus", "sequence": 9, "lat": 22.539, "lng": 88.367}, {"name": "Quest Mall", "sequence": 10, "lat": 22.5275, "lng": 88.3638}, {"name": "Ballygunge Phari", "sequence": 11, "lat": 22.5275, "lng": 88.3638}, {"name": "Gariahat", "sequence": 12, "lat": 22.517, "lng": 88.366}, {"name": "Ballygunge Station", "sequence": 13, "lat": 22.529, "lng": 88.365}, {"name": "Kasba Post Office", "sequence": 14, "lat": 22.516, "lng": 88.387}], "origin": "Howrah Station", "destination": "Kasba Rathtala"}}, {"type": "Feature", "geometry": {"type": "LineString", "coordinates": [[88.3486, 22.5697], [88.351, 22.5645], [88.352, 22.553], [88.346, 22.553], [88.347, 22.544], [88.349, 22.536], [88.356, 22.538], [88.3626595, 22.5342517], [88.3638, 22.5275], [88.366, 22.517], [88.365, 22.529]]}, "properties": {"id": "BBD Bag Ballygunge Station Mini|Ballygunge Station|mini", "code": "BBD Bag Ballygunge Station Mini", "kind": "mini", "scope": "local", "towards": "Ballygunge Station", "directional": true, "stop_count": 11, "geocoded_stops": 11, "coverage": 1.0, "geom_source": "straight", "stops": [{"name": "BBD Bag", "sequence": 1, "lat": 22.5697, "lng": 88.3486}, {"name": "Esplanade", "sequence": 2, "lat": 22.5645, "lng": 88.351}, {"name": "Park Street", "sequence": 3, "lat": 22.553, "lng": 88.352}, {"name": "Maidan", "sequence": 4, "lat": 22.553, "lng": 88.346}, {"name": "Rabindra Sadan", "sequence": 5, "lat": 22.544, "lng": 88.347}, {"name": "Minto Park", "sequence": 6, "lat": 22.536, "lng": 88.349}, {"name": "Beck Bagan", "sequence": 7, "lat": 22.538, "lng": 88.356}, {"name": "Gurusaday Road", "sequence": 8, "lat": 22.5342517, "lng": 88.3626595}, {"name": "Ballygunge Phari", "sequence": 9, "lat": 22.5275, "lng": 88.3638}, {"name": "Gariahat", "sequence": 10, "lat": 22.517, "lng": 88.366}, {"name": "Ballygunge Station", "sequence": 11, "lat": 22.529, "lng": 88.365}], "origin": "BBD Bag", "destination": "Ballygunge Station"}}, {"type": "Feature", "geometry": {"type": "LineString", "coordinates": [[88.3426, 22.5838], [88.353, 22.576], [88.3486, 22.5697], [88.351, 22.5645], [88.352, 22.567], [88.359, 22.563], [88.368, 22.561], [88.35732114999999, 22.5431347], [88.3466423, 22.5252694], [88.367, 22.539], [88.3638, 22.5275], [88.3638, 22.5275], [88.366, 22.517], [88.365, 22.513], [88.368, 22.504], [88.369, 22.496], [88.3617, 22.5017], [88.3548, 22.5053], [88.349, 22.502], [88.363, 22.493]]}, "properties": {"id": "Howrah Station Golf Green Mini|Golf Green|mini", "code": "Howrah Station Golf Green Mini", "kind": "mini", "scope": "local", "towards": "Golf Green", "directional": true, "stop_count": 20, "geocoded_stops": 20, "coverage": 1.0, "geom_source": "straight", "stops": [{"name": "Howrah Station", "sequence": 1, "lat": 22.5838, "lng": 88.3426}, {"name": "Barabazar", "sequence": 2, "lat": 22.576, "lng": 88.353}, {"name": "BBD Bag", "sequence": 3, "lat": 22.5697, "lng": 88.3486}, {"name": "Esplanade", "sequence": 4, "lat": 22.5645, "lng": 88.351}, {"name": "Chandni Chowk", "sequence": 5, "lat": 22.567, "lng": 88.352}, {"name": "Wellington", "sequence": 6, "lat": 22.563, "lng": 88.359}, {"name": "Moulali", "sequence": 7, "lat": 22.561, "lng": 88.368}, {"name": "CIT Road", "sequence": 8, "lat": 22.5431347, "lng": 88.35732114999999}, {"name": "Chittaranjan Hospital", "sequence": 9, "lat": 22.5252694, "lng": 88.3466423}, {"name": "Park Circus", "sequence": 10, "lat": 22.539, "lng": 88.367}, {"name": "Quest Mall", "sequence": 11, "lat": 22.5275, "lng": 88.3638}, {"name": "Ballygunge Phari", "sequence": 12, "lat": 22.5275, "lng": 88.3638}, {"name": "Gariahat", "sequence": 13, "lat": 22.517, "lng": 88.366}, {"name": "Golpark", "sequence": 14, "lat": 22.513, "lng": 88.365}, {"name": "Dhakuria", "sequence": 15, "lat": 22.504, "lng": 88.368}, {"name": "Jadavpur PS", "sequence": 16, "lat": 22.496, "lng": 88.369}, {"name": "South City", "sequence": 17, "lat": 22.5017, "lng": 88.3617}, {"name": "Lake Gardens", "sequence": 18, "lat": 22.5053, "lng": 88.3548}, {"name": "Doordarshan Bhawan", "sequence": 19, "lat": 22.502, "lng": 88.349}, {"name": "Golf Green", "sequence": 20, "lat": 22.493, "lng": 88.363}], "origin": "Howrah Station", "destination": "Golf Green"}}, {"type": "Feature", "geometry": {"type": "LineString", "coordinates": [[88.3426, 22.5838], [88.353, 22.576], [88.3486, 22.5697], [88.351, 22.5645], [88.352, 22.553], [88.346, 22.553], [88.347, 22.544], [88.345, 22.53], [88.345, 22.526], [88.343, 22.518], [88.353, 22.514], [88.353, 22.507], [88.3473, 22.4988], [88.348, 22.495], [88.35, 22.491], [88.352, 22.488], [88.365, 22.48], [88.376, 22.476], [88.397, 22.468], [88.3955, 22.466], [88.394, 22.464]]}, "properties": {"id": "Howrah Station Garia Station Mini|Garia Station|mini", "code": "Howrah Station Garia Station Mini", "kind": "mini", "scope": "local", "towards": "Garia Station", "directional": true, "stop_count": 21, "geocoded_stops": 21, "coverage": 1.0, "geom_source": "straight", "stops": [{"name": "Howrah Station", "sequence": 1, "lat": 22.5838, "lng": 88.3426}, {"name": "Barabazar", "sequence": 2, "lat": 22.576, "lng": 88.353}, {"name": "BBD Bag", "sequence": 3, "lat": 22.5697, "lng": 88.3486}, {"name": "Esplanade", "sequence": 4, "lat": 22.5645, "lng": 88.351}, {"name": "Park Street", "sequence": 5, "lat": 22.553, "lng": 88.352}, {"name": "Maidan", "sequence": 6, "lat": 22.553, "lng": 88.346}, {"name": "Rabindra Sadan", "sequence": 7, "lat": 22.544, "lng": 88.347}, {"name": "Bhowanipore", "sequence": 8, "lat": 22.53, "lng": 88.345}, {"name": "Hazra", "sequence": 9, "lat": 22.526, "lng": 88.345}, {"name": "Kalighat", "sequence": 10, "lat": 22.518, "lng": 88.343}, {"name": "Rashbehari", "sequence": 11, "lat": 22.514, "lng": 88.353}, {"name": "Rabindra Sarovar", "sequence": 12, "lat": 22.507, "lng": 88.353}, {"name": "Tollygunge Metro", "sequence": 13, "lat": 22.4988, "lng": 88.3473}, {"name": "Malancha Cinema", "sequence": 14, "lat": 22.495, "lng": 88.348}, {"name": "Ranikuthi", "sequence": 15, "lat": 22.491, "lng": 88.35}, {"name": "Netaji Nagar", "sequence": 16, "lat": 22.488, "lng": 88.352}, {"name": "Bansdroni", "sequence": 17, "lat": 22.48, "lng": 88.365}, {"name": "Naktala", "sequence": 18, "lat": 22.476, "lng": 88.376}, {"name": "Garia Metro", "sequence": 19, "lat": 22.468, "lng": 88.397}, {"name": "Dhalai Bridge", "sequence": 20, "lat": 22.466, "lng": 88.3955}, {"name": "Garia Station", "sequence": 21, "lat": 22.464, "lng": 88.394}], "origin": "Howrah Station", "destination": "Garia Station"}}, {"type": "Feature", "geometry": {"type": "LineString", "coordinates": [[88.3426, 22.5838], [88.353, 22.576], [88.3486, 22.5697], [88.351, 22.5645], [88.352, 22.553], [88.346, 22.553], [88.347, 22.544], [88.345, 22.53], [88.345, 22.526], [88.343, 22.518], [88.353, 22.514], [88.353, 22.507], [88.3473, 22.4988], [88.348, 22.495], [88.35, 22.491], [88.352, 22.488], [88.365, 22.48], [88.376, 22.476], [88.397, 22.468], [88.3936312, 22.457390150000002], [88.3902624, 22.4467803], [88.38046745, 22.62584105], [88.37262704166668, 22.669896591666664], [88.36478663333334, 22.713952133333333]]}, "properties": {"id": "Howrah Station Harinavi Mini|Harinavi|mini", "code": "Howrah Station Harinavi Mini", "kind": "mini", "scope": "local", "towards": "Harinavi", "directional": true, "stop_count": 24, "geocoded_stops": 24, "coverage": 1.0, "geom_source": "straight", "stops": [{"name": "Howrah Station", "sequence": 1, "lat": 22.5838, "lng": 88.3426}, {"name": "Barabazar", "sequence": 2, "lat": 22.576, "lng": 88.353}, {"name": "BBD Bag", "sequence": 3, "lat": 22.5697, "lng": 88.3486}, {"name": "Esplanade", "sequence": 4, "lat": 22.5645, "lng": 88.351}, {"name": "Park Street", "sequence": 5, "lat": 22.553, "lng": 88.352}, {"name": "Maidan", "sequence": 6, "lat": 22.553, "lng": 88.346}, {"name": "Rabindra Sadan", "sequence": 7, "lat": 22.544, "lng": 88.347}, {"name": "Bhowanipore", "sequence": 8, "lat": 22.53, "lng": 88.345}, {"name": "Hazra", "sequence": 9, "lat": 22.526, "lng": 88.345}, {"name": "Kalighat", "sequence": 10, "lat": 22.518, "lng": 88.343}, {"name": "Rashbehari", "sequence": 11, "lat": 22.514, "lng": 88.353}, {"name": "Rabindra Sarovar", "sequence": 12, "lat": 22.507, "lng": 88.353}, {"name": "Tollygunge Metro", "sequence": 13, "lat": 22.4988, "lng": 88.3473}, {"name": "Malancha Cinema", "sequence": 14, "lat": 22.495, "lng": 88.348}, {"name": "Ranikuthi", "sequence": 15, "lat": 22.491, "lng": 88.35}, {"name": "Netaji Nagar", "sequence": 16, "lat": 22.488, "lng": 88.352}, {"name": "Bansdroni", "sequence": 17, "lat": 22.48, "lng": 88.365}, {"name": "Naktala", "sequence": 18, "lat": 22.476, "lng": 88.376}, {"name": "Garia Metro", "sequence": 19, "lat": 22.468, "lng": 88.397}, {"name": "Mahamayatala", "sequence": 20, "lat": 22.457390150000002, "lng": 88.3936312}, {"name": "Kamalgazi", "sequence": 21, "lat": 22.4467803, "lng": 88.3902624}, {"name": "Narendrapur", "sequence": 22, "lat": 22.62584105, "lng": 88.38046745}, {"name": "Rajpur Bazar", "sequence": 23, "lat": 22.669896591666664, "lng": 88.37262704166668}, {"name": "Harinavi", "sequence": 24, "lat": 22.713952133333333, "lng": 88.36478663333334}], "origin": "Howrah Station", "destination": "Harinavi"}}, {"type": "Feature", "geometry": {"type": "LineString", "coordinates": [[88.3426, 22.5838], [88.353, 22.576], [88.3486, 22.5697], [88.351, 22.5645], [88.341, 22.554], [88.34049999999999, 22.5455], [88.332, 22.536], [88.3395, 22.5335], [88.337, 22.531], [88.327, 22.531], [88.321, 22.523], [88.317, 22.506], [88.311, 22.498]]}, "properties": {"id": "Howrah Station Behala Chowrasta Mini|Behala Chowrasta|mini", "code": "Howrah Station Behala Chowrasta Mini", "kind": "mini", "scope": "local", "towards": "Behala Chowrasta", "directional": true, "stop_count": 13, "geocoded_stops": 13, "coverage": 1.0, "geom_source": "straight", "stops": [{"name": "Howrah Station", "sequence": 1, "lat": 22.5838, "lng": 88.3426}, {"name": "Barabazar", "sequence": 2, "lat": 22.576, "lng": 88.353}, {"name": "BBD Bag", "sequence": 3, "lat": 22.5697, "lng": 88.3486}, {"name": "Esplanade", "sequence": 4, "lat": 22.5645, "lng": 88.351}, {"name": "Fort William", "sequence": 5, "lat": 22.554, "lng": 88.341}, {"name": "PTS", "sequence": 6, "lat": 22.5455, "lng": 88.34049999999999}, {"name": "Alipore Zoo", "sequence": 7, "lat": 22.536, "lng": 88.332}, {"name": "Bhabani Bhawan", "sequence": 8, "lat": 22.5335, "lng": 88.3395}, {"name": "Alipore Court", "sequence": 9, "lat": 22.531, "lng": 88.337}, {"name": "Mominpore", "sequence": 10, "lat": 22.531, "lng": 88.327}, {"name": "Majherhat", "sequence": 11, "lat": 22.523, "lng": 88.321}, {"name": "Behala 14 No", "sequence": 12, "lat": 22.506, "lng": 88.317}, {"name": "Behala Chowrasta", "sequence": 13, "lat": 22.498, "lng": 88.311}], "origin": "Howrah Station", "destination": "Behala Chowrasta"}}, {"type": "Feature", "geometry": {"type": "LineString", "coordinates": [[88.3426, 22.5838], [88.353, 22.576], [88.3486, 22.5697], [88.351, 22.5645], [88.341, 22.554], [88.334, 22.547], [88.332, 22.538], [88.318, 22.541], [88.2942, 22.5432], [88.29, 22.542], [88.281, 22.544], [88.301, 22.531]]}, "properties": {"id": "Howrah Station Metiabruz Mini|Metiabruz|mini", "code": "Howrah Station Metiabruz Mini", "kind": "mini", "scope": "local", "towards": "Metiabruz", "directional": true, "stop_count": 12, "geocoded_stops": 12, "coverage": 1.0, "geom_source": "straight", "stops": [{"name": "Howrah Station", "sequence": 1, "lat": 22.5838, "lng": 88.3426}, {"name": "Barabazar", "sequence": 2, "lat": 22.576, "lng": 88.353}, {"name": "BBD Bag", "sequence": 3, "lat": 22.5697, "lng": 88.3486}, {"name": "Esplanade", "sequence": 4, "lat": 22.5645, "lng": 88.351}, {"name": "Fort William", "sequence": 5, "lat": 22.554, "lng": 88.341}, {"name": "Hastings", "sequence": 6, "lat": 22.547, "lng": 88.334}, {"name": "Kidderpore", "sequence": 7, "lat": 22.538, "lng": 88.332}, {"name": "Babubazar", "sequence": 8, "lat": 22.541, "lng": 88.318}, {"name": "Garden Reach", "sequence": 9, "lat": 22.5432, "lng": 88.2942}, {"name": "Ramnagar", "sequence": 10, "lat": 22.542, "lng": 88.29}, {"name": "Bichali Ghat", "sequence": 12, "lat": 22.544, "lng": 88.281}, {"name": "Metiabruz", "sequence": 13, "lat": 22.531, "lng": 88.301}], "origin": "Howrah Station", "destination": "Metiabruz"}}, {"type": "Feature", "geometry": {"type": "LineString", "coordinates": [[88.3426, 22.5838], [88.353, 22.576], [88.3486, 22.5697], [88.351, 22.5645], [88.352, 22.553], [88.346, 22.553], [88.347, 22.544], [88.349, 22.536], [88.35, 22.525], [88.348, 22.524], [88.356, 22.522], [88.366, 22.517], [88.365, 22.513], [88.368, 22.504], [88.369, 22.496], [88.3809502, 22.50104555], [88.3929004, 22.5060911], [88.4006497, 22.5046476], [88.399, 22.498], [88.3953832, 22.4902697], [88.4, 22.51], [88.40087153333333, 22.535548866666666], [88.394, 22.464]]}, "properties": {"id": "Howrah Station Garia Station Mini|Garia Station|mini", "code": "Howrah Station Garia Station Mini", "kind": "mini", "scope": "local", "towards": "Garia Station", "directional": true, "stop_count": 23, "geocoded_stops": 23, "coverage": 1.0, "geom_source": "straight", "stops": [{"name": "Howrah Station", "sequence": 1, "lat": 22.5838, "lng": 88.3426}, {"name": "Barabazar", "sequence": 2, "lat": 22.576, "lng": 88.353}, {"name": "BBD Bag", "sequence": 3, "lat": 22.5697, "lng": 88.3486}, {"name": "Esplanade", "sequence": 4, "lat": 22.5645, "lng": 88.351}, {"name": "Park Street", "sequence": 5, "lat": 22.553, "lng": 88.352}, {"name": "Maidan", "sequence": 6, "lat": 22.553, "lng": 88.346}, {"name": "Rabindra Sadan", "sequence": 7, "lat": 22.544, "lng": 88.347}, {"name": "Minto Park", "sequence": 8, "lat": 22.536, "lng": 88.349}, {"name": "Lansdowne", "sequence": 9, "lat": 22.525, "lng": 88.35}, {"name": "Sishu Mangal", "sequence": 10, "lat": 22.524, "lng": 88.348}, {"name": "Deshapriya Park", "sequence": 11, "lat": 22.522, "lng": 88.356}, {"name": "Gariahat", "sequence": 12, "lat": 22.517, "lng": 88.366}, {"name": "Golpark", "sequence": 13, "lat": 22.513, "lng": 88.365}, {"name": "Dhakuria", "sequence": 14, "lat": 22.504, "lng": 88.368}, {"name": "Jadavpur PS", "sequence": 15, "lat": 22.496, "lng": 88.369}, {"name": "Saheed Nagar", "sequence": 16, "lat": 22.50104555, "lng": 88.3809502}, {"name": "Sapuipara", "sequence": 17, "lat": 22.5060911, "lng": 88.3929004}, {"name": "Kalikapur", "sequence": 18, "lat": 22.5046476, "lng": 88.4006497}, {"name": "Mukundapur", "sequence": 19, "lat": 22.498, "lng": 88.399}, {"name": "Ajaynagar", "sequence": 20, "lat": 22.4902697, "lng": 88.3953832}, {"name": "EM Bypass", "sequence": 21, "lat": 22.51, "lng": 88.4}, {"name": "Peerless Hospital", "sequence": 22, "lat": 22.535548866666666, "lng": 88.40087153333333}, {"name": "Garia Station", "sequence": 23, "lat": 22.464, "lng": 88.394}], "origin": "Howrah Station", "destination": "Garia Station"}}, {"type": "Feature", "geometry": {"type": "LineString", "coordinates": [[88.3426, 22.5838], [88.353, 22.576], [88.3486, 22.5697], [88.351, 22.5645], [88.352, 22.567], [88.359, 22.563], [88.368, 22.561], [88.362, 22.543], [88.367, 22.539], [88.387, 22.5445], [88.388, 22.55], [88.384, 22.534]]}, "properties": {"id": "Howrah Station Picnic Garden Mini|Picnic Garden|mini", "code": "Howrah Station Picnic Garden Mini", "kind": "mini", "scope": "local", "towards": "Picnic Garden", "directional": true, "stop_count": 12, "geocoded_stops": 12, "coverage": 1.0, "geom_source": "straight", "stops": [{"name": "Howrah Station", "sequence": 1, "lat": 22.5838, "lng": 88.3426}, {"name": "Barabazar", "sequence": 2, "lat": 22.576, "lng": 88.353}, {"name": "BBD Bag", "sequence": 3, "lat": 22.5697, "lng": 88.3486}, {"name": "Esplanade", "sequence": 4, "lat": 22.5645, "lng": 88.351}, {"name": "Chandni Chowk", "sequence": 5, "lat": 22.567, "lng": 88.352}, {"name": "Wellington", "sequence": 6, "lat": 22.563, "lng": 88.359}, {"name": "Moulali", "sequence": 7, "lat": 22.561, "lng": 88.368}, {"name": "Mallick Bazar", "sequence": 8, "lat": 22.543, "lng": 88.362}, {"name": "Park Circus", "sequence": 9, "lat": 22.539, "lng": 88.367}, {"name": "Bondel Gate", "sequence": 10, "lat": 22.5445, "lng": 88.387}, {"name": "Kustia", "sequence": 11, "lat": 22.55, "lng": 88.388}, {"name": "Picnic Garden", "sequence": 12, "lat": 22.534, "lng": 88.384}], "origin": "Howrah Station", "destination": "Picnic Garden"}}, {"type": "Feature", "geometry": {"type": "LineString", "coordinates": [[88.3426, 22.5838], [88.353, 22.576], [88.3486, 22.5697], [88.351, 22.5645], [88.341, 22.554], [88.334, 22.547], [88.332, 22.538], [88.318, 22.541], [88.3402571, 22.54044655], [88.3011366, 22.5179206], [88.2978143, 22.517233], [88.34806710000001, 22.5843172], [88.3700920625, 22.6117873375], [88.392117025, 22.639257475], [88.38591415, 22.62711355], [88.379711275, 22.614969625], [88.3013515875, 22.564117862499998], [88.2229919, 22.5132661]]}, "properties": {"id": "Howrah Station Batanagar Mini|Batanagar|mini", "code": "Howrah Station Batanagar Mini", "kind": "mini", "scope": "local", "towards": "Batanagar", "directional": true, "stop_count": 18, "geocoded_stops": 18, "coverage": 1.0, "geom_source": "straight", "stops": [{"name": "Howrah Station", "sequence": 1, "lat": 22.5838, "lng": 88.3426}, {"name": "Barabazar", "sequence": 2, "lat": 22.576, "lng": 88.353}, {"name": "BBD Bag", "sequence": 3, "lat": 22.5697, "lng": 88.3486}, {"name": "Esplanade", "sequence": 4, "lat": 22.5645, "lng": 88.351}, {"name": "Fort William", "sequence": 5, "lat": 22.554, "lng": 88.341}, {"name": "Hastings", "sequence": 6, "lat": 22.547, "lng": 88.334}, {"name": "Kidderpore", "sequence": 7, "lat": 22.538, "lng": 88.332}, {"name": "Babubazar", "sequence": 8, "lat": 22.541, "lng": 88.318}, {"name": "Hide Road", "sequence": 9, "lat": 22.54044655, "lng": 88.3402571}, {"name": "Brace Bridge", "sequence": 10, "lat": 22.5179206, "lng": 88.3011366}, {"name": "Jhinjhira Bazar", "sequence": 11, "lat": 22.517233, "lng": 88.2978143}, {"name": "Sarkarpool", "sequence": 12, "lat": 22.5843172, "lng": 88.34806710000001}, {"name": "SM Nagar", "sequence": 13, "lat": 22.6117873375, "lng": 88.3700920625}, {"name": "Rampur Quarter", "sequence": 14, "lat": 22.639257475, "lng": 88.392117025}, {"name": "Mollar Gate", "sequence": 15, "lat": 22.62711355, "lng": 88.38591415}, {"name": "Dakghar", "sequence": 16, "lat": 22.614969625, "lng": 88.379711275}, {"name": "Bata", "sequence": 17, "lat": 22.564117862499998, "lng": 88.3013515875}, {"name": "Batanagar", "sequence": 18, "lat": 22.5132661, "lng": 88.2229919}], "origin": "Howrah Station", "destination": "Batanagar"}}, {"type": "Feature", "geometry": {"type": "LineString", "coordinates": [[88.3426, 22.5838], [88.353, 22.576], [88.3486, 22.5697], [88.351, 22.5645], [88.352, 22.567], [88.359, 22.563], [88.368, 22.561], [88.35732114999999, 22.5431347], [88.3466423, 22.5252694], [88.387, 22.549], [88.387, 22.5445], [88.388, 22.55], [88.386, 22.542], [88.384, 22.534]]}, "properties": {"id": "Howrah Station Picnic Garden Mini|Picnic Garden|mini", "code": "Howrah Station Picnic Garden Mini", "kind": "mini", "scope": "local", "towards": "Picnic Garden", "directional": true, "stop_count": 14, "geocoded_stops": 14, "coverage": 1.0, "geom_source": "straight", "stops": [{"name": "Howrah Station", "sequence": 1, "lat": 22.5838, "lng": 88.3426}, {"name": "Barabazar", "sequence": 2, "lat": 22.576, "lng": 88.353}, {"name": "BBD Bag", "sequence": 3, "lat": 22.5697, "lng": 88.3486}, {"name": "Esplanade", "sequence": 4, "lat": 22.5645, "lng": 88.351}, {"name": "Chandni Chowk", "sequence": 5, "lat": 22.567, "lng": 88.352}, {"name": "Wellington", "sequence": 6, "lat": 22.563, "lng": 88.359}, {"name": "Moulali", "sequence": 7, "lat": 22.561, "lng": 88.368}, {"name": "CIT Road", "sequence": 8, "lat": 22.5431347, "lng": 88.35732114999999}, {"name": "Chittaranjan Hospital", "sequence": 9, "lat": 22.5252694, "lng": 88.3466423}, {"name": "4 No Bridge", "sequence": 10, "lat": 22.549, "lng": 88.387}, {"name": "Bondel Gate", "sequence": 11, "lat": 22.5445, "lng": 88.387}, {"name": "Kustia", "sequence": 12, "lat": 22.55, "lng": 88.388}, {"name": "Colony Bazar", "sequence": 13, "lat": 22.542, "lng": 88.386}, {"name": "Picnic Garden", "sequence": 14, "lat": 22.534, "lng": 88.384}], "origin": "Howrah Station", "destination": "Picnic Garden"}}, {"type": "Feature", "geometry": {"type": "LineString", "coordinates": [[88.3426, 22.5838], [88.353, 22.576], [88.3486, 22.5697], [88.351, 22.5645], [88.352, 22.553], [88.346, 22.553], [88.347, 22.544], [88.345, 22.53], [88.345, 22.526], [88.348, 22.524], [88.3591029, 22.5256252], [88.3638, 22.5275], [88.387, 22.5445], [88.388, 22.55], [88.386, 22.542], [88.384, 22.534]]}, "properties": {"id": "Howrah Station Picnic Garden Mini|Picnic Garden|mini", "code": "Howrah Station Picnic Garden Mini", "kind": "mini", "scope": "local", "towards": "Picnic Garden", "directional": true, "stop_count": 16, "geocoded_stops": 16, "coverage": 1.0, "geom_source": "straight", "stops": [{"name": "Howrah Station", "sequence": 1, "lat": 22.5838, "lng": 88.3426}, {"name": "Barabazar", "sequence": 2, "lat": 22.576, "lng": 88.353}, {"name": "BBD Bag", "sequence": 3, "lat": 22.5697, "lng": 88.3486}, {"name": "Esplanade", "sequence": 4, "lat": 22.5645, "lng": 88.351}, {"name": "Park Street", "sequence": 5, "lat": 22.553, "lng": 88.352}, {"name": "Maidan", "sequence": 6, "lat": 22.553, "lng": 88.346}, {"name": "Rabindra Sadan", "sequence": 7, "lat": 22.544, "lng": 88.347}, {"name": "Bhowanipore", "sequence": 8, "lat": 22.53, "lng": 88.345}, {"name": "Hazra", "sequence": 9, "lat": 22.526, "lng": 88.345}, {"name": "Sishu Mangal", "sequence": 10, "lat": 22.524, "lng": 88.348}, {"name": "Garcha Road", "sequence": 11, "lat": 22.5256252, "lng": 88.3591029}, {"name": "Ballygunge Phari", "sequence": 12, "lat": 22.5275, "lng": 88.3638}, {"name": "Bondel Gate", "sequence": 13, "lat": 22.5445, "lng": 88.387}, {"name": "Kustia", "sequence": 14, "lat": 22.55, "lng": 88.388}, {"name": "Colony Bazar", "sequence": 15, "lat": 22.542, "lng": 88.386}, {"name": "Picnic Garden", "sequence": 16, "lat": 22.534, "lng": 88.384}], "origin": "Howrah Station", "destination": "Picnic Garden"}}, {"type": "Feature", "geometry": {"type": "LineString", "coordinates": [[88.3426, 22.5838], [88.353, 22.576], [88.3486, 22.5697], [88.351, 22.5645], [88.352, 22.553], [88.346, 22.553], [88.347, 22.544], [88.34049999999999, 22.5455], [88.332, 22.536], [88.3395, 22.5335], [88.337, 22.531], [88.327, 22.531], [88.321, 22.523], [88.317, 22.506], [88.3727699, 22.5538657]]}, "properties": {"id": "Howrah Station Rabindra Nagar Mini|Rabindra Nagar|mini", "code": "Howrah Station Rabindra Nagar Mini", "kind": "mini", "scope": "local", "towards": "Rabindra Nagar", "directional": true, "stop_count": 16, "geocoded_stops": 15, "coverage": 0.938, "geom_source": "straight", "stops": [{"name": "Howrah Station", "sequence": 1, "lat": 22.5838, "lng": 88.3426}, {"name": "Barabazar", "sequence": 2, "lat": 22.576, "lng": 88.353}, {"name": "BBD Bag", "sequence": 3, "lat": 22.5697, "lng": 88.3486}, {"name": "Esplanade", "sequence": 4, "lat": 22.5645, "lng": 88.351}, {"name": "Park Street", "sequence": 5, "lat": 22.553, "lng": 88.352}, {"name": "Maidan", "sequence": 6, "lat": 22.553, "lng": 88.346}, {"name": "Rabindra Sadan", "sequence": 7, "lat": 22.544, "lng": 88.347}, {"name": "PTS", "sequence": 8, "lat": 22.5455, "lng": 88.34049999999999}, {"name": "Alipore Zoo", "sequence": 9, "lat": 22.536, "lng": 88.332}, {"name": "Bhabani Bhawan", "sequence": 10, "lat": 22.5335, "lng": 88.3395}, {"name": "Alipore Court", "sequence": 11, "lat": 22.531, "lng": 88.337}, {"name": "Mominpore", "sequence": 12, "lat": 22.531, "lng": 88.327}, {"name": "Majherhat", "sequence": 13, "lat": 22.523, "lng": 88.321}, {"name": "Behala 14 No", "sequence": 14, "lat": 22.506, "lng": 88.317}, {"name": "Parnasree", "sequence": 15, "lat": 22.5538657, "lng": 88.3727699}], "origin": "Howrah Station", "destination": "Rabindra Nagar"}}, {"type": "Feature", "geometry": {"type": "LineString", "coordinates": [[88.401, 22.513], [88.4, 22.51], [88.401, 22.513], [88.3928, 22.5247], [88.391, 22.518], [88.3862, 22.5155], [88.365, 22.529], [88.366, 22.517], [88.356, 22.522], [88.353, 22.514], [88.345, 22.526], [88.343, 22.518], [88.337, 22.531], [88.33025, 22.52825], [88.321, 22.523], [88.317, 22.506], [88.311, 22.498], [88.309, 22.495], [88.312, 22.483], [88.305, 22.467], [88.306, 22.47]]}, "properties": {"id": "Ruby Joka Bridge Mini|Joka Bridge|mini", "code": "Ruby Joka Bridge Mini", "kind": "mini", "scope": "local", "towards": "Joka Bridge", "directional": true, "stop_count": 21, "geocoded_stops": 21, "coverage": 1.0, "geom_source": "straight", "stops": [{"name": "Ruby", "sequence": 1, "lat": 22.513, "lng": 88.401}, {"name": "EM Bypass", "sequence": 2, "lat": 22.51, "lng": 88.4}, {"name": "Ruby", "sequence": 3, "lat": 22.513, "lng": 88.401}, {"name": "Acropolis Mall", "sequence": 4, "lat": 22.5247, "lng": 88.3928}, {"name": "Bosepukur", "sequence": 5, "lat": 22.518, "lng": 88.391}, {"name": "Kasba PS", "sequence": 6, "lat": 22.5155, "lng": 88.3862}, {"name": "Ballygunge Station", "sequence": 7, "lat": 22.529, "lng": 88.365}, {"name": "Gariahat", "sequence": 8, "lat": 22.517, "lng": 88.366}, {"name": "Deshapriya Park", "sequence": 9, "lat": 22.522, "lng": 88.356}, {"name": "Rashbehari", "sequence": 10, "lat": 22.514, "lng": 88.353}, {"name": "Hazra", "sequence": 11, "lat": 22.526, "lng": 88.345}, {"name": "Kalighat", "sequence": 12, "lat": 22.518, "lng": 88.343}, {"name": "Alipore Court", "sequence": 13, "lat": 22.531, "lng": 88.337}, {"name": "Burdwan Road", "sequence": 14, "lat": 22.52825, "lng": 88.33025}, {"name": "Majherhat", "sequence": 15, "lat": 22.523, "lng": 88.321}, {"name": "Behala 14 No", "sequence": 16, "lat": 22.506, "lng": 88.317}, {"name": "Behala Chowrasta", "sequence": 17, "lat": 22.498, "lng": 88.311}, {"name": "Sakher Bazar", "sequence": 18, "lat": 22.495, "lng": 88.309}, {"name": "Shilpara", "sequence": 19, "lat": 22.483, "lng": 88.312}, {"name": "Thakurpukur", "sequence": 20, "lat": 22.467, "lng": 88.305}, {"name": "Joka Bridge", "sequence": 21, "lat": 22.47, "lng": 88.306}], "origin": "Ruby", "destination": "Joka Bridge"}}, {"type": "Feature", "geometry": {"type": "LineString", "coordinates": [[88.334, 22.589], [88.3426, 22.5838], [88.353, 22.576], [88.3486, 22.5697], [88.351, 22.5645], [88.352, 22.553], [88.346, 22.553], [88.347, 22.544], [88.345, 22.53], [88.345, 22.526], [88.343, 22.518], [88.353, 22.514], [88.353, 22.507], [88.35, 22.502], [88.3495, 22.502], [88.3548, 22.5053], [88.3617, 22.5017], [88.371, 22.497], [88.387, 22.479], [88.376, 22.483], [88.385, 22.4775]]}, "properties": {"id": "Howrah Maidan Baisnabghata Mini|Baisnabghata|mini", "code": "Howrah Maidan Baisnabghata Mini", "kind": "mini", "scope": "local", "towards": "Baisnabghata", "directional": true, "stop_count": 21, "geocoded_stops": 21, "coverage": 1.0, "geom_source": "straight", "stops": [{"name": "Howrah Maidan", "sequence": 1, "lat": 22.589, "lng": 88.334}, {"name": "Howrah Station", "sequence": 2, "lat": 22.5838, "lng": 88.3426}, {"name": "Barabazar", "sequence": 3, "lat": 22.576, "lng": 88.353}, {"name": "BBD Bag", "sequence": 4, "lat": 22.5697, "lng": 88.3486}, {"name": "Esplanade", "sequence": 5, "lat": 22.5645, "lng": 88.351}, {"name": "Park Street", "sequence": 6, "lat": 22.553, "lng": 88.352}, {"name": "Maidan", "sequence": 7, "lat": 22.553, "lng": 88.346}, {"name": "Rabindra Sadan", "sequence": 8, "lat": 22.544, "lng": 88.347}, {"name": "Bhowanipore", "sequence": 9, "lat": 22.53, "lng": 88.345}, {"name": "Hazra", "sequence": 10, "lat": 22.526, "lng": 88.345}, {"name": "Kalighat", "sequence": 11, "lat": 22.518, "lng": 88.343}, {"name": "Rashbehari", "sequence": 12, "lat": 22.514, "lng": 88.353}, {"name": "Rabindra Sarovar", "sequence": 13, "lat": 22.507, "lng": 88.353}, {"name": "Tollygunge Phari", "sequence": 14, "lat": 22.502, "lng": 88.35}, {"name": "Anwar Shah Road", "sequence": 15, "lat": 22.502, "lng": 88.3495}, {"name": "Lake Gardens", "sequence": 16, "lat": 22.5053, "lng": 88.3548}, {"name": "South City", "sequence": 17, "lat": 22.5017, "lng": 88.3617}, {"name": "Jadavpur 8B", "sequence": 18, "lat": 22.497, "lng": 88.371}, {"name": "Baghajatin", "sequence": 19, "lat": 22.479, "lng": 88.387}, {"name": "Ramgarh", "sequence": 20, "lat": 22.483, "lng": 88.376}, {"name": "Baisnabghata", "sequence": 21, "lat": 22.4775, "lng": 88.385}], "origin": "Howrah Maidan", "destination": "Baisnabghata"}}, {"type": "Feature", "geometry": {"type": "LineString", "coordinates": [[88.3396621, 22.5650989], [88.351, 22.5645], [88.3531737, 22.5703491], [88.352, 22.571], [88.3535, 22.5745], [88.36182595, 22.560492449999998], [88.3701519, 22.5464849], [88.367, 22.598], [88.367, 22.601], [88.374, 22.599]]}, "properties": {"id": "Babughat Shyambazar Mini|Shyambazar|mini", "code": "Babughat Shyambazar Mini", "kind": "mini", "scope": "local", "towards": "Shyambazar", "directional": true, "stop_count": 11, "geocoded_stops": 10, "coverage": 0.909, "geom_source": "straight", "stops": [{"name": "Babughat", "sequence": 1, "lat": 22.5650989, "lng": 88.3396621}, {"name": "Esplanade", "sequence": 2, "lat": 22.5645, "lng": 88.351}, {"name": "Bentinck Street", "sequence": 3, "lat": 22.5703491, "lng": 88.3531737}, {"name": "Lalbazar", "sequence": 4, "lat": 22.571, "lng": 88.352}, {"name": "Poddar Court", "sequence": 5, "lat": 22.5745, "lng": 88.3535}, {"name": "Rabindra Sarani", "sequence": 6, "lat": 22.560492449999998, "lng": 88.36182595}, {"name": "Ganesh Talkies", "sequence": 7, "lat": 22.5464849, "lng": 88.3701519}, {"name": "Sovabazar", "sequence": 9, "lat": 22.598, "lng": 88.367}, {"name": "Rajballavpara", "sequence": 10, "lat": 22.601, "lng": 88.367}, {"name": "Shyambazar", "sequence": 11, "lat": 22.599, "lng": 88.374}], "origin": "Babughat", "destination": "Shyambazar"}}, {"type": "Feature", "geometry": {"type": "LineString", "coordinates": [[88.3486, 22.5697], [88.354, 22.573], [88.357, 22.582], [88.362, 22.587], [88.363, 22.584], [88.387, 22.586], [88.396, 22.58], [88.399, 22.591], [88.408, 22.605], [88.408, 22.608], [88.414, 22.609], [88.4215, 22.5985], [88.4335, 22.6155], [88.43, 22.6105], [88.43, 22.6105], [88.4375, 22.6265], [88.441, 22.647]]}, "properties": {"id": "BBD Bag Airport Gate 1 Mini|Airport Gate 1|mini", "code": "BBD Bag Airport Gate 1 Mini", "kind": "mini", "scope": "local", "towards": "Airport Gate 1", "directional": true, "stop_count": 17, "geocoded_stops": 17, "coverage": 1.0, "geom_source": "straight", "stops": [{"name": "BBD Bag", "sequence": 1, "lat": 22.5697, "lng": 88.3486}, {"name": "Central", "sequence": 2, "lat": 22.573, "lng": 88.354}, {"name": "MG Road", "sequence": 3, "lat": 22.582, "lng": 88.357}, {"name": "Girish Park", "sequence": 4, "lat": 22.587, "lng": 88.362}, {"name": "Vivekananda Road", "sequence": 5, "lat": 22.584, "lng": 88.363}, {"name": "Maniktala", "sequence": 6, "lat": 22.586, "lng": 88.387}, {"name": "Kankurgachi", "sequence": 7, "lat": 22.58, "lng": 88.396}, {"name": "Ultadanga", "sequence": 8, "lat": 22.591, "lng": 88.399}, {"name": "Sreebhumi", "sequence": 9, "lat": 22.605, "lng": 88.408}, {"name": "Laketown", "sequence": 10, "lat": 22.608, "lng": 88.408}, {"name": "Dumdum Park", "sequence": 11, "lat": 22.609, "lng": 88.414}, {"name": "Kestopur", "sequence": 12, "lat": 22.5985, "lng": 88.4215}, {"name": "Baguiati", "sequence": 13, "lat": 22.6155, "lng": 88.4335}, {"name": "Teghoria", "sequence": 14, "lat": 22.6105, "lng": 88.43}, {"name": "Haldirams", "sequence": 15, "lat": 22.6105, "lng": 88.43}, {"name": "Kaikhali", "sequence": 16, "lat": 22.6265, "lng": 88.4375}, {"name": "Airport Gate 1", "sequence": 17, "lat": 22.647, "lng": 88.441}], "origin": "BBD Bag", "destination": "Airport Gate 1"}}, {"type": "Feature", "geometry": {"type": "LineString", "coordinates": [[88.3486, 22.5697], [88.354, 22.573], [88.357, 22.582], [88.362, 22.587], [88.363, 22.584], [88.387, 22.586], [88.396, 22.58], [88.399, 22.591], [88.408, 22.605], [88.408, 22.608], [88.414, 22.609], [88.4215, 22.5985], [88.4335, 22.6155], [88.4360082, 22.61830995], [88.441, 22.6236], [88.469, 22.6232], [88.475, 22.6227]]}, "properties": {"id": "BBD Bag Derozio College Mini|Derozio College|mini", "code": "BBD Bag Derozio College Mini", "kind": "mini", "scope": "local", "towards": "Derozio College", "directional": true, "stop_count": 17, "geocoded_stops": 17, "coverage": 1.0, "geom_source": "straight", "stops": [{"name": "BBD Bag", "sequence": 1, "lat": 22.5697, "lng": 88.3486}, {"name": "Central", "sequence": 2, "lat": 22.573, "lng": 88.354}, {"name": "MG Road", "sequence": 3, "lat": 22.582, "lng": 88.357}, {"name": "Girish Park", "sequence": 4, "lat": 22.587, "lng": 88.362}, {"name": "Vivekananda Road", "sequence": 5, "lat": 22.584, "lng": 88.363}, {"name": "Maniktala", "sequence": 6, "lat": 22.586, "lng": 88.387}, {"name": "Kankurgachi", "sequence": 7, "lat": 22.58, "lng": 88.396}, {"name": "Ultadanga", "sequence": 8, "lat": 22.591, "lng": 88.399}, {"name": "Sreebhumi", "sequence": 9, "lat": 22.605, "lng": 88.408}, {"name": "Laketown", "sequence": 10, "lat": 22.608, "lng": 88.408}, {"name": "Dumdum Park", "sequence": 11, "lat": 22.609, "lng": 88.414}, {"name": "Kestopur", "sequence": 12, "lat": 22.5985, "lng": 88.4215}, {"name": "Baguiati", "sequence": 13, "lat": 22.6155, "lng": 88.4335}, {"name": "Lokenath Mandir", "sequence": 14, "lat": 22.61830995, "lng": 88.4360082}, {"name": "Chinar Park", "sequence": 15, "lat": 22.6236, "lng": 88.441}, {"name": "Salua Bazar", "sequence": 16, "lat": 22.6232, "lng": 88.469}, {"name": "Derozio College", "sequence": 17, "lat": 22.6227, "lng": 88.475}], "origin": "BBD Bag", "destination": "Derozio College"}}, {"type": "Feature", "geometry": {"type": "LineString", "coordinates": [[88.3486, 22.5697], [88.354, 22.573], [88.357, 22.582], [88.362, 22.587], [88.363, 22.584], [88.387, 22.586], [88.396, 22.58], [88.399, 22.591], [88.408, 22.605], [88.408, 22.608], [88.414, 22.609], [88.4215, 22.5985], [88.4335, 22.6155]]}, "properties": {"id": "BBD Bag Baguiati Mini|Baguiati|mini", "code": "BBD Bag Baguiati Mini", "kind": "mini", "scope": "local", "towards": "Baguiati", "directional": true, "stop_count": 13, "geocoded_stops": 13, "coverage": 1.0, "geom_source": "straight", "stops": [{"name": "BBD Bag", "sequence": 1, "lat": 22.5697, "lng": 88.3486}, {"name": "Central", "sequence": 2, "lat": 22.573, "lng": 88.354}, {"name": "MG Road", "sequence": 3, "lat": 22.582, "lng": 88.357}, {"name": "Girish Park", "sequence": 4, "lat": 22.587, "lng": 88.362}, {"name": "Vivekananda Road", "sequence": 5, "lat": 22.584, "lng": 88.363}, {"name": "Maniktala", "sequence": 6, "lat": 22.586, "lng": 88.387}, {"name": "Kankurgachi", "sequence": 7, "lat": 22.58, "lng": 88.396}, {"name": "Ultadanga", "sequence": 8, "lat": 22.591, "lng": 88.399}, {"name": "Sreebhumi", "sequence": 9, "lat": 22.605, "lng": 88.408}, {"name": "Laketown", "sequence": 10, "lat": 22.608, "lng": 88.408}, {"name": "Dumdum Park", "sequence": 11, "lat": 22.609, "lng": 88.414}, {"name": "Kestopur", "sequence": 12, "lat": 22.5985, "lng": 88.4215}, {"name": "Baguiati", "sequence": 13, "lat": 22.6155, "lng": 88.4335}], "origin": "BBD Bag", "destination": "Baguiati"}}, {"type": "Feature", "geometry": {"type": "LineString", "coordinates": [[88.3396621, 22.5650989], [88.3535, 22.5745], [88.354, 22.573], [88.36, 22.571], [88.364, 22.574], [88.364, 22.575], [88.363, 22.584], [88.366, 22.589], [88.372, 22.5945], [88.374, 22.599], [88.375, 22.629], [88.387, 22.623], [88.368, 22.639], [88.382, 22.636], [88.382067025, 22.630769899999997], [88.38213404999999, 22.6255398], [88.357, 22.655]]}, "properties": {"id": "Babughat Dakshineswar Mini|Dakshineswar|mini", "code": "Babughat Dakshineswar Mini", "kind": "mini", "scope": "local", "towards": "Dakshineswar", "directional": true, "stop_count": 17, "geocoded_stops": 17, "coverage": 1.0, "geom_source": "straight", "stops": [{"name": "Babughat", "sequence": 1, "lat": 22.5650989, "lng": 88.3396621}, {"name": "Poddar Court", "sequence": 2, "lat": 22.5745, "lng": 88.3535}, {"name": "Central", "sequence": 3, "lat": 22.573, "lng": 88.354}, {"name": "Bowbazar", "sequence": 4, "lat": 22.571, "lng": 88.36}, {"name": "Medical College", "sequence": 5, "lat": 22.574, "lng": 88.364}, {"name": "College Street", "sequence": 6, "lat": 22.575, "lng": 88.364}, {"name": "Vivekananda Road", "sequence": 7, "lat": 22.584, "lng": 88.363}, {"name": "Hedua", "sequence": 8, "lat": 22.589, "lng": 88.366}, {"name": "Hatibagan", "sequence": 9, "lat": 22.5945, "lng": 88.372}, {"name": "Shyambazar", "sequence": 10, "lat": 22.599, "lng": 88.374}, {"name": "Chiria", "sequence": 11, "lat": 22.629, "lng": 88.375}, {"name": "Sinthi", "sequence": 12, "lat": 22.623, "lng": 88.387}, {"name": "Baranagar Bazar", "sequence": 13, "lat": 22.639, "lng": 88.368}, {"name": "Bonhooghly", "sequence": 14, "lat": 22.636, "lng": 88.382}, {"name": "Deshbandhu Road", "sequence": 15, "lat": 22.630769899999997, "lng": 88.382067025}, {"name": "Alambazar", "sequence": 16, "lat": 22.6255398, "lng": 88.38213404999999}, {"name": "Dakshineswar", "sequence": 17, "lat": 22.655, "lng": 88.357}], "origin": "Babughat", "destination": "Dakshineswar"}}, {"type": "Feature", "geometry": {"type": "LineString", "coordinates": [[88.3486, 22.5697], [88.354, 22.573], [88.357, 22.582], [88.362, 22.587], [88.367, 22.598], [88.367, 22.601], [88.374, 22.599], [88.375, 22.629], [88.387, 22.623], [88.3845, 22.6295], [88.382, 22.636], [88.376, 22.644]]}, "properties": {"id": "BBD Bag Dunlop Mini|Dunlop|mini", "code": "BBD Bag Dunlop Mini", "kind": "mini", "scope": "local", "towards": "Dunlop", "directional": true, "stop_count": 12, "geocoded_stops": 12, "coverage": 1.0, "geom_source": "straight", "stops": [{"name": "BBD Bag", "sequence": 1, "lat": 22.5697, "lng": 88.3486}, {"name": "Central", "sequence": 2, "lat": 22.573, "lng": 88.354}, {"name": "MG Road", "sequence": 3, "lat": 22.582, "lng": 88.357}, {"name": "Girish Park", "sequence": 4, "lat": 22.587, "lng": 88.362}, {"name": "Sovabazar", "sequence": 5, "lat": 22.598, "lng": 88.367}, {"name": "Rajballavpara", "sequence": 6, "lat": 22.601, "lng": 88.367}, {"name": "Shyambazar", "sequence": 7, "lat": 22.599, "lng": 88.374}, {"name": "Chiria", "sequence": 8, "lat": 22.629, "lng": 88.375}, {"name": "Sinthi", "sequence": 9, "lat": 22.623, "lng": 88.387}, {"name": "Tobin Road", "sequence": 10, "lat": 22.6295, "lng": 88.3845}, {"name": "Bonhooghly", "sequence": 11, "lat": 22.636, "lng": 88.382}, {"name": "Dunlop", "sequence": 12, "lat": 22.644, "lng": 88.376}], "origin": "BBD Bag", "destination": "Dunlop"}}, {"type": "Feature", "geometry": {"type": "LineString", "coordinates": [[88.301, 22.531], [88.281, 22.544], [88.29, 22.542], [88.2942, 22.5432], [88.318, 22.541], [88.332, 22.538], [88.334, 22.547], [88.336, 22.561], [88.3396621, 22.5650989], [88.351, 22.5645], [88.3531737, 22.5703491], [88.352, 22.571], [88.3535, 22.5745], [88.36182595, 22.560492449999998], [88.3701519, 22.5464849], [88.367, 22.598], [88.367, 22.601], [88.374, 22.599]]}, "properties": {"id": "Metiabruz Shyambazar Mini|Shyambazar|mini", "code": "Metiabruz Shyambazar Mini", "kind": "mini", "scope": "local", "towards": "Shyambazar", "directional": true, "stop_count": 18, "geocoded_stops": 18, "coverage": 1.0, "geom_source": "straight", "stops": [{"name": "Metiabruz", "sequence": 1, "lat": 22.531, "lng": 88.301}, {"name": "Bichali Ghat", "sequence": 2, "lat": 22.544, "lng": 88.281}, {"name": "Ramnagar", "sequence": 4, "lat": 22.542, "lng": 88.29}, {"name": "Garden Reach", "sequence": 5, "lat": 22.5432, "lng": 88.2942}, {"name": "Babubazar", "sequence": 6, "lat": 22.541, "lng": 88.318}, {"name": "Kidderpore", "sequence": 7, "lat": 22.538, "lng": 88.332}, {"name": "Hastings", "sequence": 8, "lat": 22.547, "lng": 88.334}, {"name": "Princep Ghat", "sequence": 9, "lat": 22.561, "lng": 88.336}, {"name": "Babughat", "sequence": 10, "lat": 22.5650989, "lng": 88.3396621}, {"name": "Esplanade", "sequence": 11, "lat": 22.5645, "lng": 88.351}, {"name": "Bentinck Street", "sequence": 12, "lat": 22.5703491, "lng": 88.3531737}, {"name": "Lalbazar", "sequence": 13, "lat": 22.571, "lng": 88.352}, {"name": "Poddar Court", "sequence": 14, "lat": 22.5745, "lng": 88.3535}, {"name": "Rabindra Sarani", "sequence": 15, "lat": 22.560492449999998, "lng": 88.36182595}, {"name": "Ganesh Talkies", "sequence": 16, "lat": 22.5464849, "lng": 88.3701519}, {"name": "Sovabazar", "sequence": 18, "lat": 22.598, "lng": 88.367}, {"name": "Rajballavpara", "sequence": 19, "lat": 22.601, "lng": 88.367}, {"name": "Shyambazar", "sequence": 20, "lat": 22.599, "lng": 88.374}], "origin": "Metiabruz", "destination": "Shyambazar"}}, {"type": "Feature", "geometry": {"type": "LineString", "coordinates": [[88.3486, 22.5697], [88.354, 22.573], [88.357, 22.582], [88.362, 22.587], [88.367, 22.598], [88.367, 22.601], [88.374, 22.599]]}, "properties": {"id": "BBD Bag Shyambazar Mini|Shyambazar|mini", "code": "BBD Bag Shyambazar Mini", "kind": "mini", "scope": "local", "towards": "Shyambazar", "directional": true, "stop_count": 7, "geocoded_stops": 7, "coverage": 1.0, "geom_source": "straight", "stops": [{"name": "BBD Bag", "sequence": 1, "lat": 22.5697, "lng": 88.3486}, {"name": "Central", "sequence": 2, "lat": 22.573, "lng": 88.354}, {"name": "MG Road", "sequence": 3, "lat": 22.582, "lng": 88.357}, {"name": "Girish Park", "sequence": 4, "lat": 22.587, "lng": 88.362}, {"name": "Sovabazar", "sequence": 5, "lat": 22.598, "lng": 88.367}, {"name": "Rajballavpara", "sequence": 6, "lat": 22.601, "lng": 88.367}, {"name": "Shyambazar", "sequence": 7, "lat": 22.599, "lng": 88.374}], "origin": "BBD Bag", "destination": "Shyambazar"}}, {"type": "Feature", "geometry": {"type": "LineString", "coordinates": [[88.3486, 22.5697], [88.354, 22.573], [88.357, 22.582], [88.362, 22.587], [88.367, 22.598], [88.367, 22.601], [88.374, 22.599], [88.375, 22.629], [88.387, 22.623], [88.3845, 22.6295], [88.382, 22.636], [88.376, 22.644]]}, "properties": {"id": "BBD Bag Dunlop Mini|Dunlop|mini", "code": "BBD Bag Dunlop Mini", "kind": "mini", "scope": "local", "towards": "Dunlop", "directional": true, "stop_count": 12, "geocoded_stops": 12, "coverage": 1.0, "geom_source": "straight", "stops": [{"name": "BBD Bag", "sequence": 1, "lat": 22.5697, "lng": 88.3486}, {"name": "Central", "sequence": 2, "lat": 22.573, "lng": 88.354}, {"name": "MG Road", "sequence": 3, "lat": 22.582, "lng": 88.357}, {"name": "Girish Park", "sequence": 4, "lat": 22.587, "lng": 88.362}, {"name": "Sovabazar", "sequence": 5, "lat": 22.598, "lng": 88.367}, {"name": "Rajballavpara", "sequence": 6, "lat": 22.601, "lng": 88.367}, {"name": "Shyambazar", "sequence": 7, "lat": 22.599, "lng": 88.374}, {"name": "Chiria", "sequence": 8, "lat": 22.629, "lng": 88.375}, {"name": "Sinthi", "sequence": 9, "lat": 22.623, "lng": 88.387}, {"name": "Tobin Road", "sequence": 10, "lat": 22.6295, "lng": 88.3845}, {"name": "Bonhooghly", "sequence": 11, "lat": 22.636, "lng": 88.382}, {"name": "Dunlop", "sequence": 12, "lat": 22.644, "lng": 88.376}], "origin": "BBD Bag", "destination": "Dunlop"}}, {"type": "Feature", "geometry": {"type": "LineString", "coordinates": [[88.3426, 22.5838], [88.353, 22.576], [88.3535, 22.5745], [88.354, 22.573], [88.36, 22.571], [88.364, 22.574], [88.364, 22.575], [88.37, 22.5675], [88.376, 22.579], [88.392, 22.576]]}, "properties": {"id": "Howrah Station Phoolbagan Mini|Phoolbagan|mini", "code": "Howrah Station Phoolbagan Mini", "kind": "mini", "scope": "local", "towards": "Phoolbagan", "directional": true, "stop_count": 10, "geocoded_stops": 10, "coverage": 1.0, "geom_source": "straight", "stops": [{"name": "Howrah Station", "sequence": 1, "lat": 22.5838, "lng": 88.3426}, {"name": "Barabazar", "sequence": 2, "lat": 22.576, "lng": 88.353}, {"name": "Poddar Court", "sequence": 3, "lat": 22.5745, "lng": 88.3535}, {"name": "Central", "sequence": 4, "lat": 22.573, "lng": 88.354}, {"name": "Bowbazar", "sequence": 5, "lat": 22.571, "lng": 88.36}, {"name": "Medical College", "sequence": 6, "lat": 22.574, "lng": 88.364}, {"name": "College Street", "sequence": 7, "lat": 22.575, "lng": 88.364}, {"name": "Sealdah", "sequence": 8, "lat": 22.5675, "lng": 88.37}, {"name": "Rajabazar", "sequence": 9, "lat": 22.579, "lng": 88.376}, {"name": "Phoolbagan", "sequence": 10, "lat": 22.576, "lng": 88.392}], "origin": "Howrah Station", "destination": "Phoolbagan"}}, {"type": "Feature", "geometry": {"type": "LineString", "coordinates": [[88.3426, 22.5838], [88.353, 22.576], [88.3486, 22.5697], [88.351, 22.5645], [88.352, 22.567], [88.359, 22.563], [88.368, 22.561], [88.37, 22.5675], [88.372566775, 22.624103124999998], [88.3795946, 22.5565107]]}, "properties": {"id": "Howrah Station Tangra Mini|Tangra|mini", "code": "Howrah Station Tangra Mini", "kind": "mini", "scope": "local", "towards": "Tangra", "directional": true, "stop_count": 11, "geocoded_stops": 10, "coverage": 0.909, "geom_source": "straight", "stops": [{"name": "Howrah Station", "sequence": 1, "lat": 22.5838, "lng": 88.3426}, {"name": "Barabazar", "sequence": 2, "lat": 22.576, "lng": 88.353}, {"name": "BBD Bag", "sequence": 3, "lat": 22.5697, "lng": 88.3486}, {"name": "Esplanade", "sequence": 4, "lat": 22.5645, "lng": 88.351}, {"name": "Chandni Chowk", "sequence": 5, "lat": 22.567, "lng": 88.352}, {"name": "Wellington", "sequence": 6, "lat": 22.563, "lng": 88.359}, {"name": "Moulali", "sequence": 7, "lat": 22.561, "lng": 88.368}, {"name": "Sealdah", "sequence": 8, "lat": 22.5675, "lng": 88.37}, {"name": "Palmer Bazar", "sequence": 9, "lat": 22.624103124999998, "lng": 88.372566775}, {"name": "Tangra", "sequence": 11, "lat": 22.5565107, "lng": 88.3795946}], "origin": "Howrah Station", "destination": "Tangra"}}, {"type": "Feature", "geometry": {"type": "LineString", "coordinates": [[88.3426, 22.5838], [88.353, 22.576], [88.3486, 22.5697], [88.351, 22.5645], [88.352, 22.567], [88.359, 22.563], [88.368, 22.561], [88.37, 22.5675], [88.372566775, 22.624103124999998], [88.38559645000001, 22.6767853], [88.4005204, 22.5486688]]}, "properties": {"id": "Howrah Station Mathpukur Mini|Mathpukur|mini", "code": "Howrah Station Mathpukur Mini", "kind": "mini", "scope": "local", "towards": "Mathpukur", "directional": true, "stop_count": 11, "geocoded_stops": 11, "coverage": 1.0, "geom_source": "straight", "stops": [{"name": "Howrah Station", "sequence": 1, "lat": 22.5838, "lng": 88.3426}, {"name": "Barabazar", "sequence": 2, "lat": 22.576, "lng": 88.353}, {"name": "BBD Bag", "sequence": 3, "lat": 22.5697, "lng": 88.3486}, {"name": "Esplanade", "sequence": 4, "lat": 22.5645, "lng": 88.351}, {"name": "Chandni Chowk", "sequence": 5, "lat": 22.567, "lng": 88.352}, {"name": "Wellington", "sequence": 6, "lat": 22.563, "lng": 88.359}, {"name": "Moulali", "sequence": 7, "lat": 22.561, "lng": 88.368}, {"name": "Sealdah", "sequence": 8, "lat": 22.5675, "lng": 88.37}, {"name": "Palmer Bazar", "sequence": 9, "lat": 22.624103124999998, "lng": 88.372566775}, {"name": "Dhapa Road", "sequence": 10, "lat": 22.6767853, "lng": 88.38559645000001}, {"name": "Mathpukur", "sequence": 11, "lat": 22.5486688, "lng": 88.4005204}], "origin": "Howrah Station", "destination": "Mathpukur"}}, {"type": "Feature", "geometry": {"type": "LineString", "coordinates": [[88.3486, 22.5697], [88.351, 22.5645], [88.352, 22.567], [88.359, 22.563], [88.368, 22.561], [88.37, 22.5675], [88.406, 22.564], [88.4079664, 22.5621921], [88.40971207500002, 22.567534925], [88.41145775000001, 22.57287775], [88.4179155, 22.5757555], [88.41745775000001, 22.57687775], [88.417, 22.578], [88.411, 22.589], [88.3967956, 22.5898561]]}, "properties": {"id": "BBD Bag Saltlake Mini|Saltlake|mini", "code": "BBD Bag Saltlake Mini", "kind": "mini", "scope": "local", "towards": "Saltlake", "directional": true, "stop_count": 15, "geocoded_stops": 15, "coverage": 1.0, "geom_source": "straight", "stops": [{"name": "BBD Bag", "sequence": 1, "lat": 22.5697, "lng": 88.3486}, {"name": "Esplanade", "sequence": 2, "lat": 22.5645, "lng": 88.351}, {"name": "Chandni Chowk", "sequence": 3, "lat": 22.567, "lng": 88.352}, {"name": "Wellington", "sequence": 4, "lat": 22.563, "lng": 88.359}, {"name": "Moulali", "sequence": 5, "lat": 22.561, "lng": 88.368}, {"name": "Sealdah", "sequence": 6, "lat": 22.5675, "lng": 88.37}, {"name": "Beleghata", "sequence": 7, "lat": 22.564, "lng": 88.406}, {"name": "Beleghata Building", "sequence": 8, "lat": 22.5621921, "lng": 88.4079664}, {"name": "Saltlake 16no Tank", "sequence": 9, "lat": 22.567534925, "lng": 88.40971207500002}, {"name": "Saltlake 14no Tank", "sequence": 10, "lat": 22.57287775, "lng": 88.41145775000001}, {"name": "Sushrut Hospital", "sequence": 11, "lat": 22.5757555, "lng": 88.4179155}, {"name": "Saltlake 12no Tank", "sequence": 12, "lat": 22.57687775, "lng": 88.41745775000001}, {"name": "Karunamoyee", "sequence": 13, "lat": 22.578, "lng": 88.417}, {"name": "Bikash Bhawan", "sequence": 14, "lat": 22.589, "lng": 88.411}, {"name": "Saltlake", "sequence": 15, "lat": 22.5898561, "lng": 88.3967956}], "origin": "BBD Bag", "destination": "Saltlake"}}, {"type": "Feature", "geometry": {"type": "LineString", "coordinates": [[88.3426, 22.5838], [88.351, 22.586], [88.353, 22.576], [88.3530995, 22.582799066666666], [88.35319899999999, 22.589598133333332], [88.3532985, 22.5963972], [88.367, 22.598], [88.367, 22.601], [88.374, 22.599], [88.375, 22.629], [88.3940702, 22.6199389], [88.42, 22.63]]}, "properties": {"id": "Howrah Station Nager Bazar Mini|Nager Bazar|mini", "code": "Howrah Station Nager Bazar Mini", "kind": "mini", "scope": "local", "towards": "Nager Bazar", "directional": true, "stop_count": 13, "geocoded_stops": 12, "coverage": 0.923, "geom_source": "straight", "stops": [{"name": "Howrah Station", "sequence": 1, "lat": 22.5838, "lng": 88.3426}, {"name": "Posta Bazar", "sequence": 2, "lat": 22.586, "lng": 88.351}, {"name": "Barabazar", "sequence": 3, "lat": 22.576, "lng": 88.353}, {"name": "Malapara", "sequence": 4, "lat": 22.582799066666666, "lng": 88.3530995}, {"name": "Jorabagan", "sequence": 5, "lat": 22.589598133333332, "lng": 88.35319899999999}, {"name": "Ahiritola", "sequence": 6, "lat": 22.5963972, "lng": 88.3532985}, {"name": "Sovabazar", "sequence": 8, "lat": 22.598, "lng": 88.367}, {"name": "Rajballavpara", "sequence": 9, "lat": 22.601, "lng": 88.367}, {"name": "Shyambazar", "sequence": 10, "lat": 22.599, "lng": 88.374}, {"name": "Chiria", "sequence": 11, "lat": 22.629, "lng": 88.375}, {"name": "Dumdum Station", "sequence": 12, "lat": 22.6199389, "lng": 88.3940702}, {"name": "Nager Bazar", "sequence": 13, "lat": 22.63, "lng": 88.42}], "origin": "Howrah Station", "destination": "Nager Bazar"}}, {"type": "Feature", "geometry": {"type": "LineString", "coordinates": [[88.334, 22.589], [88.353, 22.576], [88.357, 22.582], [88.362, 22.587], [88.363, 22.584], [88.387, 22.586], [88.383, 22.595], [88.399, 22.591], [88.408, 22.605], [88.408, 22.608], [88.414, 22.609], [88.4215, 22.5985], [88.4335, 22.6155], [88.43, 22.6105]]}, "properties": {"id": "Howrah Maidan Teghoria Mini|Teghoria|mini", "code": "Howrah Maidan Teghoria Mini", "kind": "mini", "scope": "local", "towards": "Teghoria", "directional": true, "stop_count": 14, "geocoded_stops": 14, "coverage": 1.0, "geom_source": "straight", "stops": [{"name": "Howrah Maidan", "sequence": 1, "lat": 22.589, "lng": 88.334}, {"name": "Barabazar", "sequence": 2, "lat": 22.576, "lng": 88.353}, {"name": "MG Road", "sequence": 3, "lat": 22.582, "lng": 88.357}, {"name": "Girish Park", "sequence": 4, "lat": 22.587, "lng": 88.362}, {"name": "Vivekananda Road", "sequence": 5, "lat": 22.584, "lng": 88.363}, {"name": "Maniktala", "sequence": 6, "lat": 22.586, "lng": 88.387}, {"name": "Khanna Cinema", "sequence": 7, "lat": 22.595, "lng": 88.383}, {"name": "Ultadanga", "sequence": 8, "lat": 22.591, "lng": 88.399}, {"name": "Sreebhumi", "sequence": 9, "lat": 22.605, "lng": 88.408}, {"name": "Laketown", "sequence": 10, "lat": 22.608, "lng": 88.408}, {"name": "Dumdum Park", "sequence": 11, "lat": 22.609, "lng": 88.414}, {"name": "Kestopur", "sequence": 12, "lat": 22.5985, "lng": 88.4215}, {"name": "Baguiati", "sequence": 13, "lat": 22.6155, "lng": 88.4335}, {"name": "Teghoria", "sequence": 14, "lat": 22.6105, "lng": 88.43}], "origin": "Howrah Maidan", "destination": "Teghoria"}}, {"type": "Feature", "geometry": {"type": "LineString", "coordinates": [[88.3426, 22.5838], [88.353, 22.576], [88.3535, 22.5745], [88.354, 22.573], [88.36, 22.571], [88.364, 22.574], [88.364, 22.575], [88.37, 22.5675], [88.406, 22.564], [88.40663405000001, 22.5800398], [88.405817025, 22.5750199], [88.405, 22.57], [88.40530845, 22.576486600000003], [88.4056169, 22.5829732], [88.4158488, 22.5840029], [88.417, 22.578], [88.411, 22.589], [88.3967956, 22.5898561]]}, "properties": {"id": "Howrah Station Saltlake Mini|Saltlake|mini", "code": "Howrah Station Saltlake Mini", "kind": "mini", "scope": "local", "towards": "Saltlake", "directional": true, "stop_count": 18, "geocoded_stops": 18, "coverage": 1.0, "geom_source": "straight", "stops": [{"name": "Howrah Station", "sequence": 1, "lat": 22.5838, "lng": 88.3426}, {"name": "Barabazar", "sequence": 2, "lat": 22.576, "lng": 88.353}, {"name": "Poddar Court", "sequence": 3, "lat": 22.5745, "lng": 88.3535}, {"name": "Central", "sequence": 4, "lat": 22.573, "lng": 88.354}, {"name": "Bowbazar", "sequence": 5, "lat": 22.571, "lng": 88.36}, {"name": "Medical College", "sequence": 6, "lat": 22.574, "lng": 88.364}, {"name": "College Street", "sequence": 7, "lat": 22.575, "lng": 88.364}, {"name": "Sealdah", "sequence": 8, "lat": 22.5675, "lng": 88.37}, {"name": "Beleghata", "sequence": 9, "lat": 22.564, "lng": 88.406}, {"name": "Subhash Sarovar", "sequence": 10, "lat": 22.5800398, "lng": 88.40663405000001}, {"name": "Kadapara", "sequence": 11, "lat": 22.5750199, "lng": 88.405817025}, {"name": "Saltlake Stadium", "sequence": 12, "lat": 22.57, "lng": 88.405}, {"name": "Saltlake 13no Tank", "sequence": 13, "lat": 22.576486600000003, "lng": 88.40530845}, {"name": "Labony Estate", "sequence": 14, "lat": 22.5829732, "lng": 88.4056169}, {"name": "Central Park", "sequence": 15, "lat": 22.5840029, "lng": 88.4158488}, {"name": "Karunamoyee", "sequence": 16, "lat": 22.578, "lng": 88.417}, {"name": "Bikash Bhawan", "sequence": 17, "lat": 22.589, "lng": 88.411}, {"name": "Saltlake", "sequence": 18, "lat": 22.5898561, "lng": 88.3967956}], "origin": "Howrah Station", "destination": "Saltlake"}}, {"type": "Feature", "geometry": {"type": "LineString", "coordinates": [[88.3426, 22.5838], [88.353, 22.576], [88.3486, 22.5697], [88.354, 22.573], [88.357, 22.582], [88.362, 22.587], [88.367, 22.598], [88.372, 22.5945], [88.383, 22.595], [88.399, 22.591], [88.408, 22.605], [88.408, 22.608], [88.414, 22.609], [88.4215, 22.5985], [88.4335, 22.6155], [88.43, 22.6105], [88.43, 22.6105], [88.4375, 22.6265], [88.441, 22.647], [88.438, 22.644], [88.436, 22.667], [88.445, 22.679], [88.412, 22.688]]}, "properties": {"id": "Howrah Station New Barrackpore Mini|New Barrackpore|mini", "code": "Howrah Station New Barrackpore Mini", "kind": "mini", "scope": "local", "towards": "New Barrackpore", "directional": true, "stop_count": 23, "geocoded_stops": 23, "coverage": 1.0, "geom_source": "straight", "stops": [{"name": "Howrah Station", "sequence": 1, "lat": 22.5838, "lng": 88.3426}, {"name": "Barabazar", "sequence": 2, "lat": 22.576, "lng": 88.353}, {"name": "BBD Bag", "sequence": 3, "lat": 22.5697, "lng": 88.3486}, {"name": "Central", "sequence": 4, "lat": 22.573, "lng": 88.354}, {"name": "MG Road", "sequence": 5, "lat": 22.582, "lng": 88.357}, {"name": "Girish Park", "sequence": 6, "lat": 22.587, "lng": 88.362}, {"name": "Sovabazar", "sequence": 7, "lat": 22.598, "lng": 88.367}, {"name": "Hatibagan", "sequence": 8, "lat": 22.5945, "lng": 88.372}, {"name": "Khanna Cinema", "sequence": 9, "lat": 22.595, "lng": 88.383}, {"name": "Ultadanga", "sequence": 10, "lat": 22.591, "lng": 88.399}, {"name": "Sreebhumi", "sequence": 11, "lat": 22.605, "lng": 88.408}, {"name": "Laketown", "sequence": 12, "lat": 22.608, "lng": 88.408}, {"name": "Dumdum Park", "sequence": 13, "lat": 22.609, "lng": 88.414}, {"name": "Kestopur", "sequence": 14, "lat": 22.5985, "lng": 88.4215}, {"name": "Baguiati", "sequence": 15, "lat": 22.6155, "lng": 88.4335}, {"name": "Teghoria", "sequence": 16, "lat": 22.6105, "lng": 88.43}, {"name": "Haldirams", "sequence": 17, "lat": 22.6105, "lng": 88.43}, {"name": "Kaikhali", "sequence": 18, "lat": 22.6265, "lng": 88.4375}, {"name": "Airport Gate 1", "sequence": 19, "lat": 22.647, "lng": 88.441}, {"name": "Airport Gate 3", "sequence": 20, "lat": 22.644, "lng": 88.438}, {"name": "Birati", "sequence": 21, "lat": 22.667, "lng": 88.436}, {"name": "Michaelnagar", "sequence": 22, "lat": 22.679, "lng": 88.445}, {"name": "New Barrackpore", "sequence": 24, "lat": 22.688, "lng": 88.412}], "origin": "Howrah Station", "destination": "New Barrackpore"}}, {"type": "Feature", "geometry": {"type": "LineString", "coordinates": [[88.334, 22.589], [88.3426, 22.5838], [88.351, 22.586], [88.353, 22.576], [88.3530995, 22.582799066666666], [88.35319899999999, 22.589598133333332], [88.3532985, 22.5963972], [88.367, 22.598], [88.367, 22.601], [88.374, 22.599]]}, "properties": {"id": "Howrah Maidan Shyambazar Mini|Shyambazar|mini", "code": "Howrah Maidan Shyambazar Mini", "kind": "mini", "scope": "local", "towards": "Shyambazar", "directional": true, "stop_count": 11, "geocoded_stops": 10, "coverage": 0.909, "geom_source": "straight", "stops": [{"name": "Howrah Maidan", "sequence": 1, "lat": 22.589, "lng": 88.334}, {"name": "Howrah Station", "sequence": 2, "lat": 22.5838, "lng": 88.3426}, {"name": "Posta Bazar", "sequence": 3, "lat": 22.586, "lng": 88.351}, {"name": "Barabazar", "sequence": 4, "lat": 22.576, "lng": 88.353}, {"name": "Malapara", "sequence": 5, "lat": 22.582799066666666, "lng": 88.3530995}, {"name": "Jorabagan", "sequence": 6, "lat": 22.589598133333332, "lng": 88.35319899999999}, {"name": "Ahiritola", "sequence": 7, "lat": 22.5963972, "lng": 88.3532985}, {"name": "Sovabazar", "sequence": 9, "lat": 22.598, "lng": 88.367}, {"name": "Rajballavpara", "sequence": 10, "lat": 22.601, "lng": 88.367}, {"name": "Shyambazar", "sequence": 11, "lat": 22.599, "lng": 88.374}], "origin": "Howrah Maidan", "destination": "Shyambazar"}}, {"type": "Feature", "geometry": {"type": "LineString", "coordinates": [[88.376, 22.579], [88.37, 22.5675], [88.368, 22.561], [88.362, 22.543], [88.356, 22.538], [88.349, 22.536], [88.347, 22.544], [88.345, 22.53], [88.345, 22.526], [88.343, 22.518], [88.337, 22.531], [88.33025, 22.52825], [88.321, 22.523], [88.317, 22.506]]}, "properties": {"id": "Rajabazar Behala 14 No Mini|Behala 14 No|mini", "code": "Rajabazar Behala 14 No Mini", "kind": "mini", "scope": "local", "towards": "Behala 14 No", "directional": true, "stop_count": 14, "geocoded_stops": 14, "coverage": 1.0, "geom_source": "straight", "stops": [{"name": "Rajabazar", "sequence": 1, "lat": 22.579, "lng": 88.376}, {"name": "Sealdah", "sequence": 2, "lat": 22.5675, "lng": 88.37}, {"name": "Moulali", "sequence": 3, "lat": 22.561, "lng": 88.368}, {"name": "Mallick Bazar", "sequence": 4, "lat": 22.543, "lng": 88.362}, {"name": "Beck Bagan", "sequence": 5, "lat": 22.538, "lng": 88.356}, {"name": "Minto Park", "sequence": 6, "lat": 22.536, "lng": 88.349}, {"name": "Rabindra Sadan", "sequence": 7, "lat": 22.544, "lng": 88.347}, {"name": "Bhowanipore", "sequence": 8, "lat": 22.53, "lng": 88.345}, {"name": "Hazra", "sequence": 9, "lat": 22.526, "lng": 88.345}, {"name": "Kalighat", "sequence": 10, "lat": 22.518, "lng": 88.343}, {"name": "Alipore Court", "sequence": 11, "lat": 22.531, "lng": 88.337}, {"name": "Burdwan Road", "sequence": 12, "lat": 22.52825, "lng": 88.33025}, {"name": "Majherhat", "sequence": 13, "lat": 22.523, "lng": 88.321}, {"name": "Behala 14 No", "sequence": 14, "lat": 22.506, "lng": 88.317}], "origin": "Rajabazar", "destination": "Behala 14 No"}}, {"type": "Feature", "geometry": {"type": "LineString", "coordinates": [[88.334, 22.589], [88.3426, 22.5838], [88.351, 22.586], [88.353, 22.576], [88.3530995, 22.582799066666666], [88.35319899999999, 22.589598133333332], [88.3532985, 22.5963972], [88.367, 22.598], [88.367, 22.601], [88.374, 22.599], [88.375, 22.629], [88.387, 22.623], [88.3845, 22.6295], [88.382, 22.636], [88.376, 22.644], [88.374, 22.668], [88.3892144, 22.6613608]]}, "properties": {"id": "Howrah Maidan Belgharia Station Mini|Belgharia Station|mini", "code": "Howrah Maidan Belgharia Station Mini", "kind": "mini", "scope": "local", "towards": "Belgharia Station", "directional": true, "stop_count": 18, "geocoded_stops": 17, "coverage": 0.944, "geom_source": "straight", "stops": [{"name": "Howrah Maidan", "sequence": 1, "lat": 22.589, "lng": 88.334}, {"name": "Howrah Station", "sequence": 2, "lat": 22.5838, "lng": 88.3426}, {"name": "Posta Bazar", "sequence": 3, "lat": 22.586, "lng": 88.351}, {"name": "Barabazar", "sequence": 4, "lat": 22.576, "lng": 88.353}, {"name": "Malapara", "sequence": 5, "lat": 22.582799066666666, "lng": 88.3530995}, {"name": "Jorabagan", "sequence": 6, "lat": 22.589598133333332, "lng": 88.35319899999999}, {"name": "Ahiritola", "sequence": 7, "lat": 22.5963972, "lng": 88.3532985}, {"name": "Sovabazar", "sequence": 9, "lat": 22.598, "lng": 88.367}, {"name": "Rajballavpara", "sequence": 10, "lat": 22.601, "lng": 88.367}, {"name": "Shyambazar", "sequence": 11, "lat": 22.599, "lng": 88.374}, {"name": "Chiria", "sequence": 12, "lat": 22.629, "lng": 88.375}, {"name": "Sinthi", "sequence": 13, "lat": 22.623, "lng": 88.387}, {"name": "Tobin Road", "sequence": 14, "lat": 22.6295, "lng": 88.3845}, {"name": "Bonhooghly", "sequence": 15, "lat": 22.636, "lng": 88.382}, {"name": "Dunlop", "sequence": 16, "lat": 22.644, "lng": 88.376}, {"name": "Rathtala", "sequence": 17, "lat": 22.668, "lng": 88.374}, {"name": "Belgharia Station", "sequence": 18, "lat": 22.6613608, "lng": 88.3892144}], "origin": "Howrah Maidan", "destination": "Belgharia Station"}}, {"type": "Feature", "geometry": {"type": "LineString", "coordinates": [[88.3486, 22.5697], [88.354, 22.573], [88.357, 22.582], [88.362, 22.587], [88.363, 22.584], [88.387, 22.586], [88.396, 22.58], [88.399, 22.591], [88.408, 22.605], [88.408, 22.608], [88.414, 22.609], [88.4215, 22.5985], [88.4335, 22.6155], [88.43, 22.6105], [88.43, 22.6105], [88.4375, 22.6265], [88.441, 22.647], [88.438, 22.644], [88.436, 22.667], [88.4274959, 22.6643198]]}, "properties": {"id": "BBD Bag Birati Station Mini|Birati Station|mini", "code": "BBD Bag Birati Station Mini", "kind": "mini", "scope": "local", "towards": "Birati Station", "directional": true, "stop_count": 20, "geocoded_stops": 20, "coverage": 1.0, "geom_source": "straight", "stops": [{"name": "BBD Bag", "sequence": 1, "lat": 22.5697, "lng": 88.3486}, {"name": "Central", "sequence": 2, "lat": 22.573, "lng": 88.354}, {"name": "MG Road", "sequence": 3, "lat": 22.582, "lng": 88.357}, {"name": "Girish Park", "sequence": 4, "lat": 22.587, "lng": 88.362}, {"name": "Vivekananda Road", "sequence": 5, "lat": 22.584, "lng": 88.363}, {"name": "Maniktala", "sequence": 6, "lat": 22.586, "lng": 88.387}, {"name": "Kankurgachi", "sequence": 7, "lat": 22.58, "lng": 88.396}, {"name": "Ultadanga", "sequence": 8, "lat": 22.591, "lng": 88.399}, {"name": "Sreebhumi", "sequence": 9, "lat": 22.605, "lng": 88.408}, {"name": "Laketown", "sequence": 10, "lat": 22.608, "lng": 88.408}, {"name": "Dumdum Park", "sequence": 11, "lat": 22.609, "lng": 88.414}, {"name": "Kestopur", "sequence": 12, "lat": 22.5985, "lng": 88.4215}, {"name": "Baguiati", "sequence": 13, "lat": 22.6155, "lng": 88.4335}, {"name": "Teghoria", "sequence": 14, "lat": 22.6105, "lng": 88.43}, {"name": "Haldirams", "sequence": 15, "lat": 22.6105, "lng": 88.43}, {"name": "Kaikhali", "sequence": 16, "lat": 22.6265, "lng": 88.4375}, {"name": "Airport Gate 1", "sequence": 17, "lat": 22.647, "lng": 88.441}, {"name": "Airport Gate 3", "sequence": 18, "lat": 22.644, "lng": 88.438}, {"name": "Birati", "sequence": 19, "lat": 22.667, "lng": 88.436}, {"name": "Birati Station", "sequence": 20, "lat": 22.6643198, "lng": 88.4274959}], "origin": "BBD Bag", "destination": "Birati Station"}}, {"type": "Feature", "geometry": {"type": "LineString", "coordinates": [[88.41926135, 22.587542], [88.418130675, 22.582771], [88.417, 22.578], [88.4266991, 22.5789982], [88.429, 22.577], [88.4308135, 22.5690146], [88.4507715, 22.5813836], [88.464, 22.581], [88.459921, 22.5795016], [88.46993864999999, 22.5769778], [88.4799563, 22.574454], [88.47382247499999, 22.580197775000002], [88.46768865, 22.58594155], [88.4857236, 22.5904353], [88.4772523, 22.60607145], [88.468781, 22.6217076], [88.448, 22.618], [88.441, 22.6236], [88.43, 22.6105], [88.4375, 22.6265], [88.441, 22.647], [88.438, 22.644], [88.436, 22.667], [88.4274959, 22.6643198]]}, "properties": {"id": "Saltlake 206 Birati Station Mini|Birati Station|mini", "code": "Saltlake 206 Birati Station Mini", "kind": "mini", "scope": "local", "towards": "Birati Station", "directional": true, "stop_count": 24, "geocoded_stops": 24, "coverage": 1.0, "geom_source": "straight", "stops": [{"name": "Saltlake 206", "sequence": 1, "lat": 22.587542, "lng": 88.41926135}, {"name": "Saltlake 9no Tank", "sequence": 2, "lat": 22.582771, "lng": 88.418130675}, {"name": "Karunamoyee", "sequence": 3, "lat": 22.578, "lng": 88.417}, {"name": "Wipro", "sequence": 4, "lat": 22.5789982, "lng": 88.4266991}, {"name": "College More", "sequence": 5, "lat": 22.577, "lng": 88.429}, {"name": "SDF", "sequence": 6, "lat": 22.5690146, "lng": 88.4308135}, {"name": "DLF 1", "sequence": 7, "lat": 22.5813836, "lng": 88.4507715}, {"name": "Newtown", "sequence": 8, "lat": 22.581, "lng": 88.464}, {"name": "Axis Mall", "sequence": 9, "lat": 22.5795016, "lng": 88.459921}, {"name": "Narkelbagan", "sequence": 10, "lat": 22.5769778, "lng": 88.46993864999999}, {"name": "Unitech Gate 2", "sequence": 11, "lat": 22.574454, "lng": 88.4799563}, {"name": "DLF 2", "sequence": 12, "lat": 22.580197775000002, "lng": 88.47382247499999}, {"name": "Ecospace", "sequence": 13, "lat": 22.58594155, "lng": 88.46768865}, {"name": "Aliah University", "sequence": 14, "lat": 22.5904353, "lng": 88.4857236}, {"name": "Ecopark", "sequence": 15, "lat": 22.60607145, "lng": 88.4772523}, {"name": "Akanksha", "sequence": 16, "lat": 22.6217076, "lng": 88.468781}, {"name": "City Center 2", "sequence": 17, "lat": 22.618, "lng": 88.448}, {"name": "Chinar Park", "sequence": 18, "lat": 22.6236, "lng": 88.441}, {"name": "Haldirams", "sequence": 19, "lat": 22.6105, "lng": 88.43}, {"name": "Kaikhali", "sequence": 20, "lat": 22.6265, "lng": 88.4375}, {"name": "Airport Gate 1", "sequence": 21, "lat": 22.647, "lng": 88.441}, {"name": "Airport Gate 3", "sequence": 22, "lat": 22.644, "lng": 88.438}, {"name": "Birati", "sequence": 23, "lat": 22.667, "lng": 88.436}, {"name": "Birati Station", "sequence": 24, "lat": 22.6643198, "lng": 88.4274959}], "origin": "Saltlake 206", "destination": "Birati Station"}}, {"type": "Feature", "geometry": {"type": "LineString", "coordinates": [[88.3426, 22.5838], [88.351, 22.586], [88.353, 22.576], [88.3530995, 22.582799066666666], [88.35319899999999, 22.589598133333332], [88.3532985, 22.5963972], [88.367, 22.598], [88.367, 22.601], [88.374, 22.599], [88.375, 22.629], [88.387, 22.623], [88.3845, 22.6295], [88.382, 22.636], [88.376, 22.644], [88.374, 22.668], [88.3892144, 22.6613608], [88.4263316, 22.5789289]]}, "properties": {"id": "Howrah Station Nimta Bazar Mini|Nimta Bazar|mini", "code": "Howrah Station Nimta Bazar Mini", "kind": "mini", "scope": "local", "towards": "Nimta Bazar", "directional": true, "stop_count": 18, "geocoded_stops": 17, "coverage": 0.944, "geom_source": "straight", "stops": [{"name": "Howrah Station", "sequence": 1, "lat": 22.5838, "lng": 88.3426}, {"name": "Posta Bazar", "sequence": 2, "lat": 22.586, "lng": 88.351}, {"name": "Barabazar", "sequence": 3, "lat": 22.576, "lng": 88.353}, {"name": "Malapara", "sequence": 4, "lat": 22.582799066666666, "lng": 88.3530995}, {"name": "Jorabagan", "sequence": 5, "lat": 22.589598133333332, "lng": 88.35319899999999}, {"name": "Ahiritola", "sequence": 6, "lat": 22.5963972, "lng": 88.3532985}, {"name": "Sovabazar", "sequence": 8, "lat": 22.598, "lng": 88.367}, {"name": "Rajballavpara", "sequence": 9, "lat": 22.601, "lng": 88.367}, {"name": "Shyambazar", "sequence": 10, "lat": 22.599, "lng": 88.374}, {"name": "Chiria", "sequence": 11, "lat": 22.629, "lng": 88.375}, {"name": "Sinthi", "sequence": 12, "lat": 22.623, "lng": 88.387}, {"name": "Tobin Road", "sequence": 13, "lat": 22.6295, "lng": 88.3845}, {"name": "Bonhooghly", "sequence": 14, "lat": 22.636, "lng": 88.382}, {"name": "Dunlop", "sequence": 15, "lat": 22.644, "lng": 88.376}, {"name": "Rathtala", "sequence": 16, "lat": 22.668, "lng": 88.374}, {"name": "Belgharia Station", "sequence": 17, "lat": 22.6613608, "lng": 88.3892144}, {"name": "Nimta Bazar", "sequence": 18, "lat": 22.5789289, "lng": 88.4263316}], "origin": "Howrah Station", "destination": "Nimta Bazar"}}, {"type": "Feature", "geometry": {"type": "LineString", "coordinates": [[88.3426, 22.5838], [88.353, 22.576], [88.357, 22.582], [88.364, 22.575], [88.37, 22.5675], [88.368, 22.561], [88.35732114999999, 22.5431347], [88.3466423, 22.5252694], [88.387, 22.549], [88.39, 22.554], [88.395, 22.54], [88.3958619, 22.5310204]]}, "properties": {"id": "Howrah Station Uttar Panchannagram Mini|Uttar Panchannagram|mini", "code": "Howrah Station Uttar Panchannagram Mini", "kind": "mini", "scope": "local", "towards": "Uttar Panchannagram", "directional": true, "stop_count": 12, "geocoded_stops": 12, "coverage": 1.0, "geom_source": "straight", "stops": [{"name": "Howrah Station", "sequence": 1, "lat": 22.5838, "lng": 88.3426}, {"name": "Barabazar", "sequence": 2, "lat": 22.576, "lng": 88.353}, {"name": "MG Road", "sequence": 3, "lat": 22.582, "lng": 88.357}, {"name": "College Street", "sequence": 4, "lat": 22.575, "lng": 88.364}, {"name": "Sealdah", "sequence": 5, "lat": 22.5675, "lng": 88.37}, {"name": "Moulali", "sequence": 6, "lat": 22.561, "lng": 88.368}, {"name": "CIT Road", "sequence": 7, "lat": 22.5431347, "lng": 88.35732114999999}, {"name": "Chittaranjan Hospital", "sequence": 8, "lat": 22.5252694, "lng": 88.3466423}, {"name": "4 No Bridge", "sequence": 9, "lat": 22.549, "lng": 88.387}, {"name": "Topsia", "sequence": 10, "lat": 22.554, "lng": 88.39}, {"name": "Science City", "sequence": 11, "lat": 22.54, "lng": 88.395}, {"name": "Uttar Panchannagram", "sequence": 12, "lat": 22.5310204, "lng": 88.3958619}], "origin": "Howrah Station", "destination": "Uttar Panchannagram"}}, {"type": "Feature", "geometry": {"type": "LineString", "coordinates": [[88.334, 22.589], [88.3426, 22.5838], [88.351, 22.586], [88.353, 22.576], [88.3530995, 22.582799066666666], [88.35319899999999, 22.589598133333332], [88.3532985, 22.5963972], [88.367, 22.598], [88.367, 22.601], [88.374, 22.599]]}, "properties": {"id": "Howrah Maidan Shyambazar Mini|Shyambazar|mini", "code": "Howrah Maidan Shyambazar Mini", "kind": "mini", "scope": "local", "towards": "Shyambazar", "directional": true, "stop_count": 11, "geocoded_stops": 10, "coverage": 0.909, "geom_source": "straight", "stops": [{"name": "Howrah Maidan", "sequence": 1, "lat": 22.589, "lng": 88.334}, {"name": "Howrah Station", "sequence": 2, "lat": 22.5838, "lng": 88.3426}, {"name": "Posta Bazar", "sequence": 3, "lat": 22.586, "lng": 88.351}, {"name": "Barabazar", "sequence": 4, "lat": 22.576, "lng": 88.353}, {"name": "Malapara", "sequence": 5, "lat": 22.582799066666666, "lng": 88.3530995}, {"name": "Jorabagan", "sequence": 6, "lat": 22.589598133333332, "lng": 88.35319899999999}, {"name": "Ahiritola", "sequence": 7, "lat": 22.5963972, "lng": 88.3532985}, {"name": "Sovabazar", "sequence": 9, "lat": 22.598, "lng": 88.367}, {"name": "Rajballavpara", "sequence": 10, "lat": 22.601, "lng": 88.367}, {"name": "Shyambazar", "sequence": 11, "lat": 22.599, "lng": 88.374}], "origin": "Howrah Maidan", "destination": "Shyambazar"}}, {"type": "Feature", "geometry": {"type": "LineString", "coordinates": [[88.403, 22.509], [88.401, 22.513], [88.3928, 22.5247], [88.391, 22.518], [88.3862, 22.5155], [88.365, 22.529], [88.366, 22.517], [88.356, 22.522], [88.353, 22.514], [88.353, 22.507], [88.3473, 22.4988], [88.37413405, 22.549539799999998], [88.390701075, 22.5728097], [88.3498505375, 22.52940485], [88.309, 22.495]]}, "properties": {"id": "Anandapur Sakher Bazar Mini|Sakher Bazar|mini", "code": "Anandapur Sakher Bazar Mini", "kind": "mini", "scope": "local", "towards": "Sakher Bazar", "directional": true, "stop_count": 15, "geocoded_stops": 15, "coverage": 1.0, "geom_source": "straight", "stops": [{"name": "Anandapur", "sequence": 1, "lat": 22.509, "lng": 88.403}, {"name": "Ruby", "sequence": 2, "lat": 22.513, "lng": 88.401}, {"name": "Acropolis Mall", "sequence": 3, "lat": 22.5247, "lng": 88.3928}, {"name": "Bosepukur", "sequence": 4, "lat": 22.518, "lng": 88.391}, {"name": "Kasba PS", "sequence": 5, "lat": 22.5155, "lng": 88.3862}, {"name": "Ballygunge Station", "sequence": 6, "lat": 22.529, "lng": 88.365}, {"name": "Gariahat", "sequence": 7, "lat": 22.517, "lng": 88.366}, {"name": "Deshapriya Park", "sequence": 8, "lat": 22.522, "lng": 88.356}, {"name": "Rashbehari", "sequence": 9, "lat": 22.514, "lng": 88.353}, {"name": "Rabindra Sarovar", "sequence": 10, "lat": 22.507, "lng": 88.353}, {"name": "Tollygunge Metro", "sequence": 11, "lat": 22.4988, "lng": 88.3473}, {"name": "Siriti", "sequence": 12, "lat": 22.549539799999998, "lng": 88.37413405}, {"name": "Muchipara", "sequence": 13, "lat": 22.5728097, "lng": 88.390701075}, {"name": "Ml Gupta Road", "sequence": 14, "lat": 22.52940485, "lng": 88.3498505375}, {"name": "Sakher Bazar", "sequence": 15, "lat": 22.495, "lng": 88.309}], "origin": "Anandapur", "destination": "Sakher Bazar"}}, {"type": "Feature", "geometry": {"type": "LineString", "coordinates": [[88.351, 22.5645], [88.3396621, 22.5650989], [88.353, 22.576], [88.3426, 22.5838], [88.33200000000001, 22.589], [88.328, 22.589], [88.33, 22.589]]}, "properties": {"id": "Esplanade Salkia Chowrasta Mini|Salkia Chowrasta|mini", "code": "Esplanade Salkia Chowrasta Mini", "kind": "mini", "scope": "local", "towards": "Salkia Chowrasta", "directional": true, "stop_count": 7, "geocoded_stops": 7, "coverage": 1.0, "geom_source": "straight", "stops": [{"name": "Esplanade", "sequence": 1, "lat": 22.5645, "lng": 88.351}, {"name": "Babughat", "sequence": 2, "lat": 22.5650989, "lng": 88.3396621}, {"name": "Barabazar", "sequence": 3, "lat": 22.576, "lng": 88.353}, {"name": "Howrah Station", "sequence": 4, "lat": 22.5838, "lng": 88.3426}, {"name": "Pilkhana", "sequence": 5, "lat": 22.589, "lng": 88.33200000000001}, {"name": "Bandha Ghat", "sequence": 6, "lat": 22.589, "lng": 88.328}, {"name": "Salkia Chowrasta", "sequence": 7, "lat": 22.589, "lng": 88.33}], "origin": "Esplanade", "destination": "Salkia Chowrasta"}}, {"type": "Feature", "geometry": {"type": "LineString", "coordinates": [[88.348, 22.524], [88.35, 22.525], [88.349, 22.536], [88.347, 22.544], [88.346, 22.553], [88.352, 22.553], [88.351, 22.5645], [88.3486, 22.5697], [88.353, 22.576], [88.3426, 22.5838], [88.33200000000001, 22.589], [88.333, 22.587], [88.328, 22.589], [88.33, 22.589]]}, "properties": {"id": "Sishu Mangal Satyabala Mini|Satyabala|mini", "code": "Sishu Mangal Satyabala Mini", "kind": "mini", "scope": "local", "towards": "Satyabala", "directional": true, "stop_count": 15, "geocoded_stops": 14, "coverage": 0.933, "geom_source": "straight", "stops": [{"name": "Sishu Mangal", "sequence": 1, "lat": 22.524, "lng": 88.348}, {"name": "Lansdowne", "sequence": 2, "lat": 22.525, "lng": 88.35}, {"name": "Minto Park", "sequence": 3, "lat": 22.536, "lng": 88.349}, {"name": "Rabindra Sadan", "sequence": 4, "lat": 22.544, "lng": 88.347}, {"name": "Maidan", "sequence": 5, "lat": 22.553, "lng": 88.346}, {"name": "Park Street", "sequence": 6, "lat": 22.553, "lng": 88.352}, {"name": "Esplanade", "sequence": 7, "lat": 22.5645, "lng": 88.351}, {"name": "BBD Bag", "sequence": 8, "lat": 22.5697, "lng": 88.3486}, {"name": "Barabazar", "sequence": 9, "lat": 22.576, "lng": 88.353}, {"name": "Howrah Station", "sequence": 10, "lat": 22.5838, "lng": 88.3426}, {"name": "Pilkhana", "sequence": 11, "lat": 22.589, "lng": 88.33200000000001}, {"name": "Golabarai PS", "sequence": 12, "lat": 22.587, "lng": 88.333}, {"name": "Bandha Ghat", "sequence": 13, "lat": 22.589, "lng": 88.328}, {"name": "Salkia Chowrasta", "sequence": 14, "lat": 22.589, "lng": 88.33}], "origin": "Sishu Mangal", "destination": "Satyabala"}}, {"type": "Feature", "geometry": {"type": "LineString", "coordinates": [[88.351, 22.5645], [88.3396621, 22.5650989], [88.353, 22.576], [88.3426, 22.5838], [88.33200000000001, 22.589], [88.333, 22.587], [88.328, 22.589], [88.33, 22.589]]}, "properties": {"id": "Esplanade Salkia Chowrasta Mini|Salkia Chowrasta|mini", "code": "Esplanade Salkia Chowrasta Mini", "kind": "mini", "scope": "local", "towards": "Salkia Chowrasta", "directional": true, "stop_count": 8, "geocoded_stops": 8, "coverage": 1.0, "geom_source": "straight", "stops": [{"name": "Esplanade", "sequence": 1, "lat": 22.5645, "lng": 88.351}, {"name": "Babughat", "sequence": 2, "lat": 22.5650989, "lng": 88.3396621}, {"name": "Barabazar", "sequence": 3, "lat": 22.576, "lng": 88.353}, {"name": "Howrah Station", "sequence": 4, "lat": 22.5838, "lng": 88.3426}, {"name": "Pilkhana", "sequence": 5, "lat": 22.589, "lng": 88.33200000000001}, {"name": "Golabarai PS", "sequence": 6, "lat": 22.587, "lng": 88.333}, {"name": "Bandha Ghat", "sequence": 7, "lat": 22.589, "lng": 88.328}, {"name": "Salkia Chowrasta", "sequence": 8, "lat": 22.589, "lng": 88.33}], "origin": "Esplanade", "destination": "Salkia Chowrasta"}}, {"type": "Feature", "geometry": {"type": "LineString", "coordinates": [[88.351, 22.5645], [88.3396621, 22.5650989], [88.353, 22.576], [88.3426, 22.5838], [88.334, 22.589], [88.328, 22.586], [88.32, 22.585], [88.315, 22.586]]}, "properties": {"id": "Esplanade Kadamtala Mini|Kadamtala|mini", "code": "Esplanade Kadamtala Mini", "kind": "mini", "scope": "local", "towards": "Kadamtala", "directional": true, "stop_count": 8, "geocoded_stops": 8, "coverage": 1.0, "geom_source": "straight", "stops": [{"name": "Esplanade", "sequence": 1, "lat": 22.5645, "lng": 88.351}, {"name": "Babughat", "sequence": 2, "lat": 22.5650989, "lng": 88.3396621}, {"name": "Barabazar", "sequence": 3, "lat": 22.576, "lng": 88.353}, {"name": "Howrah Station", "sequence": 4, "lat": 22.5838, "lng": 88.3426}, {"name": "Howrah Maidan", "sequence": 5, "lat": 22.589, "lng": 88.334}, {"name": "Panchanantala", "sequence": 6, "lat": 22.586, "lng": 88.328}, {"name": "Power House", "sequence": 7, "lat": 22.585, "lng": 88.32}, {"name": "Kadamtala", "sequence": 8, "lat": 22.586, "lng": 88.315}], "origin": "Esplanade", "destination": "Kadamtala"}}, {"type": "Feature", "geometry": {"type": "LineString", "coordinates": [[88.351, 22.5645], [88.3396621, 22.5650989], [88.353, 22.576], [88.3426, 22.5838], [88.334, 22.589], [88.328, 22.586], [88.32, 22.585], [88.315, 22.586], [88.3015, 22.5915], [88.308, 22.587]]}, "properties": {"id": "Esplanade Kamardanga Mini|Kamardanga|mini", "code": "Esplanade Kamardanga Mini", "kind": "mini", "scope": "local", "towards": "Kamardanga", "directional": true, "stop_count": 10, "geocoded_stops": 10, "coverage": 1.0, "geom_source": "straight", "stops": [{"name": "Esplanade", "sequence": 1, "lat": 22.5645, "lng": 88.351}, {"name": "Babughat", "sequence": 2, "lat": 22.5650989, "lng": 88.3396621}, {"name": "Barabazar", "sequence": 3, "lat": 22.576, "lng": 88.353}, {"name": "Howrah Station", "sequence": 4, "lat": 22.5838, "lng": 88.3426}, {"name": "Howrah Maidan", "sequence": 5, "lat": 22.589, "lng": 88.334}, {"name": "Panchanantala", "sequence": 6, "lat": 22.586, "lng": 88.328}, {"name": "Power House", "sequence": 7, "lat": 22.585, "lng": 88.32}, {"name": "Kadamtala", "sequence": 8, "lat": 22.586, "lng": 88.315}, {"name": "Ichapur", "sequence": 9, "lat": 22.5915, "lng": 88.3015}, {"name": "Kamardanga", "sequence": 10, "lat": 22.587, "lng": 88.308}], "origin": "Esplanade", "destination": "Kamardanga"}}, {"type": "Feature", "geometry": {"type": "LineString", "coordinates": [[88.432, 22.576], [88.4308135, 22.5690146], [88.429, 22.577], [88.4266991, 22.5789982], [88.417, 22.578], [88.41926135, 22.587542], [88.4215227, 22.597084], [88.41082779999999, 22.5943703], [88.41160365, 22.5866176], [88.399, 22.591], [88.383, 22.595], [88.372, 22.5945], [88.367, 22.598], [88.3532985, 22.5963972], [88.35319899999999, 22.589598133333332], [88.3530995, 22.582799066666666], [88.353, 22.576], [88.3426, 22.5838], [88.334, 22.589], [88.328, 22.586], [88.32, 22.585], [88.315, 22.586], [88.3015, 22.5915], [88.302, 22.595], [88.306, 22.598], [88.2961287, 22.6094016], [88.42612, 22.5790355]]}, "properties": {"id": "Sector V Japani Gate Mini|Japani Gate|mini", "code": "Sector V Japani Gate Mini", "kind": "mini", "scope": "local", "towards": "Japani Gate", "directional": true, "stop_count": 28, "geocoded_stops": 27, "coverage": 0.964, "geom_source": "straight", "stops": [{"name": "Sector V", "sequence": 1, "lat": 22.576, "lng": 88.432}, {"name": "SDF", "sequence": 2, "lat": 22.5690146, "lng": 88.4308135}, {"name": "College More", "sequence": 3, "lat": 22.577, "lng": 88.429}, {"name": "Wipro", "sequence": 4, "lat": 22.5789982, "lng": 88.4266991}, {"name": "Karunamoyee", "sequence": 5, "lat": 22.578, "lng": 88.417}, {"name": "Purta Bhawan", "sequence": 6, "lat": 22.587542, "lng": 88.41926135}, {"name": "Baisakhi", "sequence": 7, "lat": 22.597084, "lng": 88.4215227}, {"name": "Saltlake 4no Tank", "sequence": 8, "lat": 22.5943703, "lng": 88.41082779999999}, {"name": "Saltlake PNB", "sequence": 9, "lat": 22.5866176, "lng": 88.41160365}, {"name": "Ultadanga", "sequence": 10, "lat": 22.591, "lng": 88.399}, {"name": "Khanna Cinema", "sequence": 11, "lat": 22.595, "lng": 88.383}, {"name": "Hatibagan", "sequence": 12, "lat": 22.5945, "lng": 88.372}, {"name": "Sovabazar", "sequence": 13, "lat": 22.598, "lng": 88.367}, {"name": "Ahiritola", "sequence": 15, "lat": 22.5963972, "lng": 88.3532985}, {"name": "Jorabagan", "sequence": 16, "lat": 22.589598133333332, "lng": 88.35319899999999}, {"name": "Malapara", "sequence": 17, "lat": 22.582799066666666, "lng": 88.3530995}, {"name": "Barabazar", "sequence": 18, "lat": 22.576, "lng": 88.353}, {"name": "Howrah Station", "sequence": 19, "lat": 22.5838, "lng": 88.3426}, {"name": "Howrah Maidan", "sequence": 20, "lat": 22.589, "lng": 88.334}, {"name": "Panchanantala", "sequence": 21, "lat": 22.586, "lng": 88.328}, {"name": "Power House", "sequence": 22, "lat": 22.585, "lng": 88.32}, {"name": "Kadamtala", "sequence": 23, "lat": 22.586, "lng": 88.315}, {"name": "Ichapur", "sequence": 24, "lat": 22.5915, "lng": 88.3015}, {"name": "Shanpur", "sequence": 25, "lat": 22.595, "lng": 88.302}, {"name": "Dasnagar", "sequence": 26, "lat": 22.598, "lng": 88.306}, {"name": "Baltikuri", "sequence": 27, "lat": 22.6094016, "lng": 88.2961287}, {"name": "Japani Gate", "sequence": 28, "lat": 22.5790355, "lng": 88.42612}], "origin": "Sector V", "destination": "Japani Gate"}}, {"type": "Feature", "geometry": {"type": "LineString", "coordinates": [[88.351, 22.5645], [88.3396621, 22.5650989], [88.353, 22.576], [88.3426, 22.5838], [88.333102, 22.57349995], [88.325, 22.581], [88.325, 22.581], [88.321, 22.5775], [88.3100425, 22.5623511], [88.3010388, 22.5571809]]}, "properties": {"id": "Esplanade B Garden Mini|B Garden|mini", "code": "Esplanade B Garden Mini", "kind": "mini", "scope": "local", "towards": "B Garden", "directional": true, "stop_count": 10, "geocoded_stops": 10, "coverage": 1.0, "geom_source": "straight", "stops": [{"name": "Esplanade", "sequence": 1, "lat": 22.5645, "lng": 88.351}, {"name": "Babughat", "sequence": 2, "lat": 22.5650989, "lng": 88.3396621}, {"name": "Barabazar", "sequence": 3, "lat": 22.576, "lng": 88.353}, {"name": "Howrah Station", "sequence": 4, "lat": 22.5838, "lng": 88.3426}, {"name": "Foreshore Road", "sequence": 5, "lat": 22.57349995, "lng": 88.333102}, {"name": "Avani Mall", "sequence": 6, "lat": 22.581, "lng": 88.325}, {"name": "Kazipara", "sequence": 7, "lat": 22.581, "lng": 88.325}, {"name": "Bataitala Phari", "sequence": 8, "lat": 22.5775, "lng": 88.321}, {"name": "Shalimar Station", "sequence": 9, "lat": 22.5623511, "lng": 88.3100425}, {"name": "B Garden", "sequence": 10, "lat": 22.5571809, "lng": 88.3010388}], "origin": "Esplanade", "destination": "B Garden"}}, {"type": "Feature", "geometry": {"type": "LineString", "coordinates": [[88.351, 22.5645], [88.3396621, 22.5650989], [88.353, 22.576], [88.3426, 22.5838], [88.333102, 22.57349995], [88.325, 22.581], [88.325, 22.581], [88.321, 22.5775], [88.270405, 22.5677228], [88.2991527, 22.5641295], [88.2958858, 22.5628886]]}, "properties": {"id": "Esplanade Danesh Shaikh Lane Mini|Danesh Shaikh Lane|mini", "code": "Esplanade Danesh Shaikh Lane Mini", "kind": "mini", "scope": "local", "towards": "Danesh Shaikh Lane", "directional": true, "stop_count": 11, "geocoded_stops": 11, "coverage": 1.0, "geom_source": "straight", "stops": [{"name": "Esplanade", "sequence": 1, "lat": 22.5645, "lng": 88.351}, {"name": "Babughat", "sequence": 2, "lat": 22.5650989, "lng": 88.3396621}, {"name": "Barabazar", "sequence": 3, "lat": 22.576, "lng": 88.353}, {"name": "Howrah Station", "sequence": 4, "lat": 22.5838, "lng": 88.3426}, {"name": "Foreshore Road", "sequence": 5, "lat": 22.57349995, "lng": 88.333102}, {"name": "Avani Mall", "sequence": 6, "lat": 22.581, "lng": 88.325}, {"name": "Kazipara", "sequence": 7, "lat": 22.581, "lng": 88.325}, {"name": "Bataitala Phari", "sequence": 8, "lat": 22.5775, "lng": 88.321}, {"name": "Narayana Hospital", "sequence": 9, "lat": 22.5677228, "lng": 88.270405}, {"name": "Amtala Phari", "sequence": 10, "lat": 22.5641295, "lng": 88.2991527}, {"name": "Danesh Shaikh Lane", "sequence": 11, "lat": 22.5628886, "lng": 88.2958858}], "origin": "Esplanade", "destination": "Danesh Shaikh Lane"}}, {"type": "Feature", "geometry": {"type": "LineString", "coordinates": [[88.374, 22.599], [88.367, 22.601], [88.367, 22.598], [88.3532985, 22.5963972], [88.35319899999999, 22.589598133333332], [88.3530995, 22.582799066666666], [88.351, 22.586], [88.353, 22.576], [88.3426, 22.5838], [88.334, 22.589]]}, "properties": {"id": "Shyambazar Howrah Maidan Mini|Howrah Maidan|mini", "code": "Shyambazar Howrah Maidan Mini", "kind": "mini", "scope": "local", "towards": "Howrah Maidan", "directional": true, "stop_count": 11, "geocoded_stops": 10, "coverage": 0.909, "geom_source": "straight", "stops": [{"name": "Shyambazar", "sequence": 1, "lat": 22.599, "lng": 88.374}, {"name": "Rajballavpara", "sequence": 2, "lat": 22.601, "lng": 88.367}, {"name": "Sovabazar", "sequence": 3, "lat": 22.598, "lng": 88.367}, {"name": "Ahiritola", "sequence": 5, "lat": 22.5963972, "lng": 88.3532985}, {"name": "Jorabagan", "sequence": 6, "lat": 22.589598133333332, "lng": 88.35319899999999}, {"name": "Malapara", "sequence": 7, "lat": 22.582799066666666, "lng": 88.3530995}, {"name": "Posta Bazar", "sequence": 8, "lat": 22.586, "lng": 88.351}, {"name": "Barabazar", "sequence": 9, "lat": 22.576, "lng": 88.353}, {"name": "Howrah Station", "sequence": 10, "lat": 22.5838, "lng": 88.3426}, {"name": "Howrah Maidan", "sequence": 11, "lat": 22.589, "lng": 88.334}], "origin": "Shyambazar", "destination": "Howrah Maidan"}}, {"type": "Feature", "geometry": {"type": "LineString", "coordinates": [[88.351, 22.5645], [88.3396621, 22.5650989], [88.353, 22.576], [88.3426, 22.5838], [88.333102, 22.57349995], [88.325, 22.581], [88.325, 22.581], [88.3176363, 22.5697077]]}, "properties": {"id": "Esplanade Mandirtala Mini|Mandirtala|mini", "code": "Esplanade Mandirtala Mini", "kind": "mini", "scope": "local", "towards": "Mandirtala", "directional": true, "stop_count": 8, "geocoded_stops": 8, "coverage": 1.0, "geom_source": "straight", "stops": [{"name": "Esplanade", "sequence": 1, "lat": 22.5645, "lng": 88.351}, {"name": "Babughat", "sequence": 2, "lat": 22.5650989, "lng": 88.3396621}, {"name": "Barabazar", "sequence": 3, "lat": 22.576, "lng": 88.353}, {"name": "Howrah Station", "sequence": 4, "lat": 22.5838, "lng": 88.3426}, {"name": "Foreshore Road", "sequence": 5, "lat": 22.57349995, "lng": 88.333102}, {"name": "Avani Mall", "sequence": 6, "lat": 22.581, "lng": 88.325}, {"name": "Kazipara", "sequence": 7, "lat": 22.581, "lng": 88.325}, {"name": "Mandirtala", "sequence": 8, "lat": 22.5697077, "lng": 88.3176363}], "origin": "Esplanade", "destination": "Mandirtala"}}, {"type": "Feature", "geometry": {"type": "LineString", "coordinates": [[88.332, 22.538], [88.334, 22.547], [88.336, 22.561], [88.3396621, 22.5650989], [88.351, 22.5645], [88.3486, 22.5697], [88.353, 22.576], [88.3426, 22.5838], [88.33200000000001, 22.589], [88.333, 22.587], [88.33, 22.589], [88.326, 22.61], [88.324, 22.618], [88.353, 22.637], [88.321, 22.626], [88.32, 22.62]]}, "properties": {"id": "Kidderpore Ballykhal Mini|Ballykhal|mini", "code": "Kidderpore Ballykhal Mini", "kind": "mini", "scope": "local", "towards": "Ballykhal", "directional": true, "stop_count": 16, "geocoded_stops": 16, "coverage": 1.0, "geom_source": "straight", "stops": [{"name": "Kidderpore", "sequence": 1, "lat": 22.538, "lng": 88.332}, {"name": "Hastings", "sequence": 2, "lat": 22.547, "lng": 88.334}, {"name": "Princep Ghat", "sequence": 3, "lat": 22.561, "lng": 88.336}, {"name": "Babughat", "sequence": 4, "lat": 22.5650989, "lng": 88.3396621}, {"name": "Esplanade", "sequence": 5, "lat": 22.5645, "lng": 88.351}, {"name": "BBD Bag", "sequence": 6, "lat": 22.5697, "lng": 88.3486}, {"name": "Barabazar", "sequence": 7, "lat": 22.576, "lng": 88.353}, {"name": "Howrah Station", "sequence": 8, "lat": 22.5838, "lng": 88.3426}, {"name": "Pilkhana", "sequence": 9, "lat": 22.589, "lng": 88.33200000000001}, {"name": "Golabarai PS", "sequence": 10, "lat": 22.587, "lng": 88.333}, {"name": "Salkia Chowrasta", "sequence": 11, "lat": 22.589, "lng": 88.33}, {"name": "Malipanchghara", "sequence": 12, "lat": 22.61, "lng": 88.326}, {"name": "Liluah", "sequence": 13, "lat": 22.618, "lng": 88.324}, {"name": "Belurmath", "sequence": 14, "lat": 22.637, "lng": 88.353}, {"name": "Bally Bazar", "sequence": 15, "lat": 22.626, "lng": 88.321}, {"name": "Ballykhal", "sequence": 16, "lat": 22.62, "lng": 88.32}], "origin": "Kidderpore", "destination": "Ballykhal"}}, {"type": "Feature", "geometry": {"type": "LineString", "coordinates": [[88.351, 22.5645], [88.3396621, 22.5650989], [88.353, 22.576], [88.3426, 22.5838], [88.33200000000001, 22.589], [88.33, 22.589], [88.326, 22.61], [88.324, 22.618], [88.353, 22.637]]}, "properties": {"id": "Esplanade Belurmath Mini|Belurmath|mini", "code": "Esplanade Belurmath Mini", "kind": "mini", "scope": "local", "towards": "Belurmath", "directional": true, "stop_count": 9, "geocoded_stops": 9, "coverage": 1.0, "geom_source": "straight", "stops": [{"name": "Esplanade", "sequence": 1, "lat": 22.5645, "lng": 88.351}, {"name": "Babughat", "sequence": 2, "lat": 22.5650989, "lng": 88.3396621}, {"name": "Barabazar", "sequence": 3, "lat": 22.576, "lng": 88.353}, {"name": "Howrah Station", "sequence": 4, "lat": 22.5838, "lng": 88.3426}, {"name": "Pilkhana", "sequence": 5, "lat": 22.589, "lng": 88.33200000000001}, {"name": "Salkia Chowrasta", "sequence": 6, "lat": 22.589, "lng": 88.33}, {"name": "Malipanchghara", "sequence": 7, "lat": 22.61, "lng": 88.326}, {"name": "Liluah", "sequence": 8, "lat": 22.618, "lng": 88.324}, {"name": "Belurmath", "sequence": 9, "lat": 22.637, "lng": 88.353}], "origin": "Esplanade", "destination": "Belurmath"}}, {"type": "Feature", "geometry": {"type": "LineString", "coordinates": [[88.347, 22.544], [88.346, 22.553], [88.352, 22.553], [88.351, 22.5645], [88.3486, 22.5697], [88.353, 22.576], [88.3426, 22.5838], [88.334, 22.589]]}, "properties": {"id": "Rabindra Sadan Howrah Maidan Mini|Howrah Maidan|mini", "code": "Rabindra Sadan Howrah Maidan Mini", "kind": "mini", "scope": "local", "towards": "Howrah Maidan", "directional": true, "stop_count": 8, "geocoded_stops": 8, "coverage": 1.0, "geom_source": "straight", "stops": [{"name": "Rabindra Sadan", "sequence": 1, "lat": 22.544, "lng": 88.347}, {"name": "Maidan", "sequence": 2, "lat": 22.553, "lng": 88.346}, {"name": "Park Street", "sequence": 3, "lat": 22.553, "lng": 88.352}, {"name": "Esplanade", "sequence": 4, "lat": 22.5645, "lng": 88.351}, {"name": "BBD Bag", "sequence": 5, "lat": 22.5697, "lng": 88.3486}, {"name": "Barabazar", "sequence": 6, "lat": 22.576, "lng": 88.353}, {"name": "Howrah Station", "sequence": 7, "lat": 22.5838, "lng": 88.3426}, {"name": "Howrah Maidan", "sequence": 8, "lat": 22.589, "lng": 88.334}], "origin": "Rabindra Sadan", "destination": "Howrah Maidan"}}, {"type": "Feature", "geometry": {"type": "LineString", "coordinates": [[88.3532985, 22.5963972], [88.35319899999999, 22.589598133333332], [88.3530995, 22.582799066666666], [88.351, 22.586], [88.353, 22.576], [88.3426, 22.5838], [88.333102, 22.57349995], [88.325, 22.581], [88.325, 22.581], [88.321, 22.5775], [88.270405, 22.5677228], [88.2991527, 22.5641295], [88.2958858, 22.5628886], [88.2860984, 22.5641518], [88.2806911, 22.5657197], [88.2640697, 22.5623554], [88.24997239999999, 22.57391875], [88.2358751, 22.5854821], [88.34538325, 22.446739450000003], [88.2, 22.579], [88.0867092, 22.5582414]]}, "properties": {"id": "Ahiritola Ranihati Mini|Ranihati|mini", "code": "Ahiritola Ranihati Mini", "kind": "mini", "scope": "local", "towards": "Ranihati", "directional": true, "stop_count": 22, "geocoded_stops": 21, "coverage": 0.955, "geom_source": "straight", "stops": [{"name": "Ahiritola", "sequence": 1, "lat": 22.5963972, "lng": 88.3532985}, {"name": "Jorabagan", "sequence": 2, "lat": 22.589598133333332, "lng": 88.35319899999999}, {"name": "Malapara", "sequence": 3, "lat": 22.582799066666666, "lng": 88.3530995}, {"name": "Posta Bazar", "sequence": 4, "lat": 22.586, "lng": 88.351}, {"name": "Barabazar", "sequence": 5, "lat": 22.576, "lng": 88.353}, {"name": "Howrah Station", "sequence": 6, "lat": 22.5838, "lng": 88.3426}, {"name": "Foreshore Road", "sequence": 7, "lat": 22.57349995, "lng": 88.333102}, {"name": "Avani Mall", "sequence": 8, "lat": 22.581, "lng": 88.325}, {"name": "Kazipara", "sequence": 9, "lat": 22.581, "lng": 88.325}, {"name": "Bataitala Phari", "sequence": 10, "lat": 22.5775, "lng": 88.321}, {"name": "Narayana Hospital", "sequence": 11, "lat": 22.5677228, "lng": 88.270405}, {"name": "Amtala Phari", "sequence": 12, "lat": 22.5641295, "lng": 88.2991527}, {"name": "Danesh Shaikh Lane", "sequence": 13, "lat": 22.5628886, "lng": 88.2958858}, {"name": "Bakultala", "sequence": 14, "lat": 22.5641518, "lng": 88.2860984}, {"name": "Hanskhali Pole", "sequence": 15, "lat": 22.5657197, "lng": 88.2806911}, {"name": "Chunavati", "sequence": 16, "lat": 22.5623554, "lng": 88.2640697}, {"name": "Mourigram", "sequence": 17, "lat": 22.57391875, "lng": 88.24997239999999}, {"name": "Andul Bazar", "sequence": 18, "lat": 22.5854821, "lng": 88.2358751}, {"name": "Argori", "sequence": 19, "lat": 22.446739450000003, "lng": 88.34538325}, {"name": "Dhulagarh", "sequence": 21, "lat": 22.579, "lng": 88.2}, {"name": "Ranihati", "sequence": 22, "lat": 22.5582414, "lng": 88.0867092}], "origin": "Ahiritola", "destination": "Ranihati"}}, {"type": "Feature", "geometry": {"type": "LineString", "coordinates": [[88.3532985, 22.5963972], [88.35319899999999, 22.589598133333332], [88.3530995, 22.582799066666666], [88.351, 22.586], [88.353, 22.576], [88.3426, 22.5838], [88.333102, 22.57349995], [88.325, 22.581], [88.325, 22.581], [88.321, 22.5775], [88.270405, 22.5677228], [88.2991527, 22.5641295], [88.2958858, 22.5628886], [88.2860984, 22.5641518], [88.2806911, 22.5657197], [88.2640697, 22.5623554], [88.24997239999999, 22.57391875], [88.2358751, 22.5854821], [88.34538325, 22.446739450000003], [88.2, 22.579]]}, "properties": {"id": "Ahiritola Fatikgachi Mini|Fatikgachi|mini", "code": "Ahiritola Fatikgachi Mini", "kind": "mini", "scope": "local", "towards": "Fatikgachi", "directional": true, "stop_count": 22, "geocoded_stops": 20, "coverage": 0.909, "geom_source": "straight", "stops": [{"name": "Ahiritola", "sequence": 1, "lat": 22.5963972, "lng": 88.3532985}, {"name": "Jorabagan", "sequence": 2, "lat": 22.589598133333332, "lng": 88.35319899999999}, {"name": "Malapara", "sequence": 3, "lat": 22.582799066666666, "lng": 88.3530995}, {"name": "Posta Bazar", "sequence": 4, "lat": 22.586, "lng": 88.351}, {"name": "Barabazar", "sequence": 5, "lat": 22.576, "lng": 88.353}, {"name": "Howrah Station", "sequence": 6, "lat": 22.5838, "lng": 88.3426}, {"name": "Foreshore Road", "sequence": 7, "lat": 22.57349995, "lng": 88.333102}, {"name": "Avani Mall", "sequence": 8, "lat": 22.581, "lng": 88.325}, {"name": "Kazipara", "sequence": 9, "lat": 22.581, "lng": 88.325}, {"name": "Bataitala Phari", "sequence": 10, "lat": 22.5775, "lng": 88.321}, {"name": "Narayana Hospital", "sequence": 11, "lat": 22.5677228, "lng": 88.270405}, {"name": "Amtala Phari", "sequence": 12, "lat": 22.5641295, "lng": 88.2991527}, {"name": "Danesh Shaikh Lane", "sequence": 13, "lat": 22.5628886, "lng": 88.2958858}, {"name": "Bakultala", "sequence": 14, "lat": 22.5641518, "lng": 88.2860984}, {"name": "Hanskhali Pole", "sequence": 15, "lat": 22.5657197, "lng": 88.2806911}, {"name": "Chunavati", "sequence": 16, "lat": 22.5623554, "lng": 88.2640697}, {"name": "Mourigram", "sequence": 17, "lat": 22.57391875, "lng": 88.24997239999999}, {"name": "Andul Bazar", "sequence": 18, "lat": 22.5854821, "lng": 88.2358751}, {"name": "Argori", "sequence": 19, "lat": 22.446739450000003, "lng": 88.34538325}, {"name": "Dhulagarh", "sequence": 21, "lat": 22.579, "lng": 88.2}], "origin": "Ahiritola", "destination": "Fatikgachi"}}, {"type": "Feature", "geometry": {"type": "LineString", "coordinates": [[88.351, 22.5645], [88.3396621, 22.5650989], [88.353, 22.576], [88.3426, 22.5838], [88.33200000000001, 22.589], [88.333, 22.587], [88.328, 22.589], [88.33, 22.589], [88.385, 22.601], [88.33850000000001, 22.5965], [88.292, 22.592]]}, "properties": {"id": "Esplanade Kona Mini|Kona|mini", "code": "Esplanade Kona Mini", "kind": "mini", "scope": "local", "towards": "Kona", "directional": true, "stop_count": 12, "geocoded_stops": 11, "coverage": 0.917, "geom_source": "straight", "stops": [{"name": "Esplanade", "sequence": 1, "lat": 22.5645, "lng": 88.351}, {"name": "Babughat", "sequence": 2, "lat": 22.5650989, "lng": 88.3396621}, {"name": "Barabazar", "sequence": 3, "lat": 22.576, "lng": 88.353}, {"name": "Howrah Station", "sequence": 4, "lat": 22.5838, "lng": 88.3426}, {"name": "Pilkhana", "sequence": 5, "lat": 22.589, "lng": 88.33200000000001}, {"name": "Golabarai PS", "sequence": 6, "lat": 22.587, "lng": 88.333}, {"name": "Bandha Ghat", "sequence": 7, "lat": 22.589, "lng": 88.328}, {"name": "Salkia Chowrasta", "sequence": 8, "lat": 22.589, "lng": 88.33}, {"name": "Belgachia", "sequence": 10, "lat": 22.601, "lng": 88.385}, {"name": "Biradingi", "sequence": 11, "lat": 22.5965, "lng": 88.33850000000001}, {"name": "Kona", "sequence": 12, "lat": 22.592, "lng": 88.292}], "origin": "Esplanade", "destination": "Kona"}}, {"type": "Feature", "geometry": {"type": "LineString", "coordinates": [[88.399, 22.591], [88.383, 22.595], [88.372, 22.5945], [88.367, 22.598], [88.3532985, 22.5963972], [88.35319899999999, 22.589598133333332], [88.3530995, 22.582799066666666], [88.351, 22.586], [88.353, 22.576], [88.3426, 22.5838], [88.333102, 22.57349995], [88.325, 22.581], [88.325, 22.581], [88.321, 22.5775], [88.270405, 22.5677228], [88.2991527, 22.5641295], [88.2958858, 22.5628886], [88.2860984, 22.5641518], [88.2806911, 22.5657197], [88.2640697, 22.5623554], [88.24997239999999, 22.57391875], [88.2358751, 22.5854821], [88.34538325, 22.446739450000003], [87.31, 22.355]]}, "properties": {"id": "Ultadanga Alampur Mini|Alampur|mini", "code": "Ultadanga Alampur Mini", "kind": "mini", "scope": "local", "towards": "Alampur", "directional": true, "stop_count": 25, "geocoded_stops": 24, "coverage": 0.96, "geom_source": "straight", "stops": [{"name": "Ultadanga", "sequence": 1, "lat": 22.591, "lng": 88.399}, {"name": "Khanna Cinema", "sequence": 2, "lat": 22.595, "lng": 88.383}, {"name": "Hatibagan", "sequence": 3, "lat": 22.5945, "lng": 88.372}, {"name": "Sovabazar", "sequence": 4, "lat": 22.598, "lng": 88.367}, {"name": "Ahiritola", "sequence": 6, "lat": 22.5963972, "lng": 88.3532985}, {"name": "Jorabagan", "sequence": 7, "lat": 22.589598133333332, "lng": 88.35319899999999}, {"name": "Malapara", "sequence": 8, "lat": 22.582799066666666, "lng": 88.3530995}, {"name": "Posta Bazar", "sequence": 9, "lat": 22.586, "lng": 88.351}, {"name": "Barabazar", "sequence": 10, "lat": 22.576, "lng": 88.353}, {"name": "Howrah Station", "sequence": 11, "lat": 22.5838, "lng": 88.3426}, {"name": "Foreshore Road", "sequence": 12, "lat": 22.57349995, "lng": 88.333102}, {"name": "Avani Mall", "sequence": 13, "lat": 22.581, "lng": 88.325}, {"name": "Kazipara", "sequence": 14, "lat": 22.581, "lng": 88.325}, {"name": "Bataitala Phari", "sequence": 15, "lat": 22.5775, "lng": 88.321}, {"name": "Narayana Hospital", "sequence": 16, "lat": 22.5677228, "lng": 88.270405}, {"name": "Amtala Phari", "sequence": 17, "lat": 22.5641295, "lng": 88.2991527}, {"name": "Danesh Shaikh Lane", "sequence": 18, "lat": 22.5628886, "lng": 88.2958858}, {"name": "Bakultala", "sequence": 19, "lat": 22.5641518, "lng": 88.2860984}, {"name": "Hanskhali Pole", "sequence": 20, "lat": 22.5657197, "lng": 88.2806911}, {"name": "Chunavati", "sequence": 21, "lat": 22.5623554, "lng": 88.2640697}, {"name": "Mourigram", "sequence": 22, "lat": 22.57391875, "lng": 88.24997239999999}, {"name": "Andul Bazar", "sequence": 23, "lat": 22.5854821, "lng": 88.2358751}, {"name": "Argori", "sequence": 24, "lat": 22.446739450000003, "lng": 88.34538325}, {"name": "Alampur", "sequence": 25, "lat": 22.355, "lng": 87.31}], "origin": "Ultadanga", "destination": "Alampur"}}, {"type": "Feature", "geometry": {"type": "LineString", "coordinates": [[88.405, 22.57], [88.40530845, 22.576486600000003], [88.4056169, 22.5829732], [88.4242073, 22.5822352], [88.41160365, 22.5866176], [88.399, 22.591], [88.396, 22.58], [88.387, 22.586], [88.363, 22.584], [88.362, 22.587], [88.357, 22.582], [88.353, 22.576], [88.3426, 22.5838], [88.333102, 22.57349995], [88.325, 22.581], [88.325, 22.581], [88.321, 22.5775], [88.270405, 22.5677228], [88.2991527, 22.5641295], [88.2958858, 22.5628886], [88.2860984, 22.5641518], [88.2806911, 22.5657197], [88.2640697, 22.5623554], [88.24997239999999, 22.57391875]]}, "properties": {"id": "Saltlake Stadium Mourigram Mini|Mourigram|mini", "code": "Saltlake Stadium Mourigram Mini", "kind": "mini", "scope": "local", "towards": "Mourigram", "directional": true, "stop_count": 24, "geocoded_stops": 24, "coverage": 1.0, "geom_source": "straight", "stops": [{"name": "Saltlake Stadium", "sequence": 1, "lat": 22.57, "lng": 88.405}, {"name": "Saltlake 13no Tank", "sequence": 2, "lat": 22.576486600000003, "lng": 88.40530845}, {"name": "Labony Estate", "sequence": 3, "lat": 22.5829732, "lng": 88.4056169}, {"name": "Saltlake CA Block", "sequence": 4, "lat": 22.5822352, "lng": 88.4242073}, {"name": "Saltlake PNB", "sequence": 5, "lat": 22.5866176, "lng": 88.41160365}, {"name": "Ultadanga", "sequence": 6, "lat": 22.591, "lng": 88.399}, {"name": "Kankurgachi", "sequence": 7, "lat": 22.58, "lng": 88.396}, {"name": "Maniktala", "sequence": 8, "lat": 22.586, "lng": 88.387}, {"name": "Vivekananda Road", "sequence": 9, "lat": 22.584, "lng": 88.363}, {"name": "Girish Park", "sequence": 10, "lat": 22.587, "lng": 88.362}, {"name": "MG Road", "sequence": 11, "lat": 22.582, "lng": 88.357}, {"name": "Barabazar", "sequence": 12, "lat": 22.576, "lng": 88.353}, {"name": "Howrah Station", "sequence": 13, "lat": 22.5838, "lng": 88.3426}, {"name": "Foreshore Road", "sequence": 14, "lat": 22.57349995, "lng": 88.333102}, {"name": "Avani Mall", "sequence": 15, "lat": 22.581, "lng": 88.325}, {"name": "Kazipara", "sequence": 16, "lat": 22.581, "lng": 88.325}, {"name": "Bataitala Phari", "sequence": 17, "lat": 22.5775, "lng": 88.321}, {"name": "Narayana Hospital", "sequence": 18, "lat": 22.5677228, "lng": 88.270405}, {"name": "Amtala Phari", "sequence": 19, "lat": 22.5641295, "lng": 88.2991527}, {"name": "Danesh Shaikh Lane", "sequence": 20, "lat": 22.5628886, "lng": 88.2958858}, {"name": "Bakultala", "sequence": 21, "lat": 22.5641518, "lng": 88.2860984}, {"name": "Hanskhali Pole", "sequence": 22, "lat": 22.5657197, "lng": 88.2806911}, {"name": "Chunavati", "sequence": 23, "lat": 22.5623554, "lng": 88.2640697}, {"name": "Mourigram", "sequence": 24, "lat": 22.57391875, "lng": 88.24997239999999}], "origin": "Saltlake Stadium", "destination": "Mourigram"}}, {"type": "Feature", "geometry": {"type": "LineString", "coordinates": [[88.312, 22.483], [88.309, 22.495], [88.311, 22.498], [88.317, 22.506], [88.321, 22.523], [88.327, 22.531], [88.328, 22.535], [88.332, 22.536], [88.34049999999999, 22.5455], [88.341, 22.554], [88.351, 22.5645], [88.3486, 22.5697], [88.353, 22.576], [88.3426, 22.5838], [88.334, 22.589]]}, "properties": {"id": "Shilpara Howrah Maidan Mini|Howrah Maidan|mini", "code": "Shilpara Howrah Maidan Mini", "kind": "mini", "scope": "local", "towards": "Howrah Maidan", "directional": true, "stop_count": 15, "geocoded_stops": 15, "coverage": 1.0, "geom_source": "straight", "stops": [{"name": "Shilpara", "sequence": 1, "lat": 22.483, "lng": 88.312}, {"name": "Sakher Bazar", "sequence": 2, "lat": 22.495, "lng": 88.309}, {"name": "Behala Chowrasta", "sequence": 3, "lat": 22.498, "lng": 88.311}, {"name": "Behala 14 No", "sequence": 4, "lat": 22.506, "lng": 88.317}, {"name": "Majherhat", "sequence": 5, "lat": 22.523, "lng": 88.321}, {"name": "Mominpore", "sequence": 6, "lat": 22.531, "lng": 88.327}, {"name": "Ekbalpur", "sequence": 7, "lat": 22.535, "lng": 88.328}, {"name": "Alipore Zoo", "sequence": 8, "lat": 22.536, "lng": 88.332}, {"name": "PTS", "sequence": 9, "lat": 22.5455, "lng": 88.34049999999999}, {"name": "Fort William", "sequence": 10, "lat": 22.554, "lng": 88.341}, {"name": "Esplanade", "sequence": 11, "lat": 22.5645, "lng": 88.351}, {"name": "BBD Bag", "sequence": 12, "lat": 22.5697, "lng": 88.3486}, {"name": "Barabazar", "sequence": 13, "lat": 22.576, "lng": 88.353}, {"name": "Howrah Station", "sequence": 14, "lat": 22.5838, "lng": 88.3426}, {"name": "Howrah Maidan", "sequence": 15, "lat": 22.589, "lng": 88.334}], "origin": "Shilpara", "destination": "Howrah Maidan"}}, {"type": "Feature", "geometry": {"type": "LineString", "coordinates": [[88.3426, 22.5838], [88.333102, 22.57349995], [88.325, 22.581], [88.325, 22.581], [88.321, 22.5775], [88.270405, 22.5677228], [88.2991527, 22.5641295], [88.2958858, 22.5628886], [88.2860984, 22.5641518], [88.32838545, 22.6845268], [88.3443222, 22.691585449999998], [88.36025895, 22.6986441], [88.34984539999999, 22.5923864], [88.2924227, 22.5886932], [88.235, 22.585]]}, "properties": {"id": "Howrah Station Sankrail Mini|Sankrail|mini", "code": "Howrah Station Sankrail Mini", "kind": "mini", "scope": "local", "towards": "Sankrail", "directional": true, "stop_count": 15, "geocoded_stops": 15, "coverage": 1.0, "geom_source": "straight", "stops": [{"name": "Howrah Station", "sequence": 1, "lat": 22.5838, "lng": 88.3426}, {"name": "Foreshore Road", "sequence": 2, "lat": 22.57349995, "lng": 88.333102}, {"name": "Avani Mall", "sequence": 3, "lat": 22.581, "lng": 88.325}, {"name": "Kazipara", "sequence": 4, "lat": 22.581, "lng": 88.325}, {"name": "Bataitala Phari", "sequence": 5, "lat": 22.5775, "lng": 88.321}, {"name": "Narayana Hospital", "sequence": 6, "lat": 22.5677228, "lng": 88.270405}, {"name": "Amtala Phari", "sequence": 7, "lat": 22.5641295, "lng": 88.2991527}, {"name": "Danesh Shaikh Lane", "sequence": 8, "lat": 22.5628886, "lng": 88.2958858}, {"name": "Bakultala", "sequence": 9, "lat": 22.5641518, "lng": 88.2860984}, {"name": "Nazirgunge", "sequence": 10, "lat": 22.6845268, "lng": 88.32838545}, {"name": "Podra Bazar", "sequence": 11, "lat": 22.691585449999998, "lng": 88.3443222}, {"name": "Radhadashi", "sequence": 12, "lat": 22.6986441, "lng": 88.36025895}, {"name": "Rajgunge", "sequence": 13, "lat": 22.5923864, "lng": 88.34984539999999}, {"name": "Chapatala", "sequence": 14, "lat": 22.5886932, "lng": 88.2924227}, {"name": "Sankrail", "sequence": 15, "lat": 22.585, "lng": 88.235}], "origin": "Howrah Station", "destination": "Sankrail"}}, {"type": "Feature", "geometry": {"type": "LineString", "coordinates": [[88.37, 22.5675], [88.364, 22.575], [88.357, 22.582], [88.353, 22.576], [88.3426, 22.5838], [88.33200000000001, 22.589], [88.333, 22.587], [88.33, 22.589], [88.328, 22.589], [88.326, 22.61]]}, "properties": {"id": "Sealdah Malipanchghara Mini|Malipanchghara|mini", "code": "Sealdah Malipanchghara Mini", "kind": "mini", "scope": "local", "towards": "Malipanchghara", "directional": true, "stop_count": 10, "geocoded_stops": 10, "coverage": 1.0, "geom_source": "straight", "stops": [{"name": "Sealdah", "sequence": 1, "lat": 22.5675, "lng": 88.37}, {"name": "College Street", "sequence": 2, "lat": 22.575, "lng": 88.364}, {"name": "MG Road", "sequence": 3, "lat": 22.582, "lng": 88.357}, {"name": "Barabazar", "sequence": 4, "lat": 22.576, "lng": 88.353}, {"name": "Howrah Station", "sequence": 5, "lat": 22.5838, "lng": 88.3426}, {"name": "Pilkhana", "sequence": 6, "lat": 22.589, "lng": 88.33200000000001}, {"name": "Golabarai PS", "sequence": 7, "lat": 22.587, "lng": 88.333}, {"name": "Salkia Chowrasta", "sequence": 8, "lat": 22.589, "lng": 88.33}, {"name": "Bandha Ghat", "sequence": 9, "lat": 22.589, "lng": 88.328}, {"name": "Malipanchghara", "sequence": 10, "lat": 22.61, "lng": 88.326}], "origin": "Sealdah", "destination": "Malipanchghara"}}, {"type": "Feature", "geometry": {"type": "LineString", "coordinates": [[88.351, 22.5645], [88.3396621, 22.5650989], [88.353, 22.576], [88.3426, 22.5838], [88.334, 22.589], [88.328, 22.586], [88.32, 22.585], [88.315, 22.586], [88.3015, 22.5915], [88.30782, 22.5843167], [88.3054629, 22.5781297], [88.2915914, 22.5774155], [88.287, 22.585]]}, "properties": {"id": "Esplanade Santragachi Mini|Santragachi|mini", "code": "Esplanade Santragachi Mini", "kind": "mini", "scope": "local", "towards": "Santragachi", "directional": true, "stop_count": 13, "geocoded_stops": 13, "coverage": 1.0, "geom_source": "straight", "stops": [{"name": "Esplanade", "sequence": 1, "lat": 22.5645, "lng": 88.351}, {"name": "Babughat", "sequence": 2, "lat": 22.5650989, "lng": 88.3396621}, {"name": "Barabazar", "sequence": 3, "lat": 22.576, "lng": 88.353}, {"name": "Howrah Station", "sequence": 4, "lat": 22.5838, "lng": 88.3426}, {"name": "Howrah Maidan", "sequence": 5, "lat": 22.589, "lng": 88.334}, {"name": "Panchanantala", "sequence": 6, "lat": 22.586, "lng": 88.328}, {"name": "Power House", "sequence": 7, "lat": 22.585, "lng": 88.32}, {"name": "Kadamtala", "sequence": 8, "lat": 22.586, "lng": 88.315}, {"name": "Ichapur", "sequence": 9, "lat": 22.5915, "lng": 88.3015}, {"name": "Natun Rasta", "sequence": 10, "lat": 22.5843167, "lng": 88.30782}, {"name": "Belepole", "sequence": 11, "lat": 22.5781297, "lng": 88.3054629}, {"name": "Baksara", "sequence": 12, "lat": 22.5774155, "lng": 88.2915914}, {"name": "Santragachi", "sequence": 13, "lat": 22.585, "lng": 88.287}], "origin": "Esplanade", "destination": "Santragachi"}}, {"type": "Feature", "geometry": {"type": "LineString", "coordinates": [[88.367, 22.539], [88.3466423, 22.5252694], [88.35732114999999, 22.5431347], [88.368, 22.561], [88.359, 22.563], [88.352, 22.567], [88.351, 22.5645], [88.3396621, 22.5650989], [88.353, 22.576], [88.3426, 22.5838], [88.334, 22.589], [88.328, 22.586], [88.32, 22.585], [88.315, 22.586], [88.3015, 22.5915], [88.302, 22.595], [88.306, 22.598], [88.42612, 22.5790355], [88.37606456666666, 22.662599716666666]]}, "properties": {"id": "Park Circus Bankra Bazar Mini|Bankra Bazar|mini", "code": "Park Circus Bankra Bazar Mini", "kind": "mini", "scope": "local", "towards": "Bankra Bazar", "directional": true, "stop_count": 19, "geocoded_stops": 19, "coverage": 1.0, "geom_source": "straight", "stops": [{"name": "Park Circus", "sequence": 1, "lat": 22.539, "lng": 88.367}, {"name": "Chittaranjan Hospital", "sequence": 2, "lat": 22.5252694, "lng": 88.3466423}, {"name": "CIT Road", "sequence": 3, "lat": 22.5431347, "lng": 88.35732114999999}, {"name": "Moulali", "sequence": 4, "lat": 22.561, "lng": 88.368}, {"name": "Wellington", "sequence": 5, "lat": 22.563, "lng": 88.359}, {"name": "Chandni Chowk", "sequence": 6, "lat": 22.567, "lng": 88.352}, {"name": "Esplanade", "sequence": 7, "lat": 22.5645, "lng": 88.351}, {"name": "Babughat", "sequence": 8, "lat": 22.5650989, "lng": 88.3396621}, {"name": "Barabazar", "sequence": 9, "lat": 22.576, "lng": 88.353}, {"name": "Howrah Station", "sequence": 10, "lat": 22.5838, "lng": 88.3426}, {"name": "Howrah Maidan", "sequence": 11, "lat": 22.589, "lng": 88.334}, {"name": "Panchanantala", "sequence": 12, "lat": 22.586, "lng": 88.328}, {"name": "Power House", "sequence": 13, "lat": 22.585, "lng": 88.32}, {"name": "Kadamtala", "sequence": 14, "lat": 22.586, "lng": 88.315}, {"name": "Ichapur", "sequence": 15, "lat": 22.5915, "lng": 88.3015}, {"name": "Shanpur", "sequence": 16, "lat": 22.595, "lng": 88.302}, {"name": "Dasnagar", "sequence": 17, "lat": 22.598, "lng": 88.306}, {"name": "Japani Gate", "sequence": 18, "lat": 22.5790355, "lng": 88.42612}, {"name": "Bankra Bazar", "sequence": 19, "lat": 22.662599716666666, "lng": 88.37606456666666}], "origin": "Park Circus", "destination": "Bankra Bazar"}}, {"type": "Feature", "geometry": {"type": "LineString", "coordinates": [[88.367, 22.539], [88.3466423, 22.5252694], [88.35732114999999, 22.5431347], [88.368, 22.561], [88.359, 22.563], [88.352, 22.567], [88.351, 22.5645], [88.3486, 22.5697], [88.353, 22.576], [88.3426, 22.5838], [88.334, 22.589]]}, "properties": {"id": "Park Circus Howrah Maidan Mini|Howrah Maidan|mini", "code": "Park Circus Howrah Maidan Mini", "kind": "mini", "scope": "local", "towards": "Howrah Maidan", "directional": true, "stop_count": 11, "geocoded_stops": 11, "coverage": 1.0, "geom_source": "straight", "stops": [{"name": "Park Circus", "sequence": 1, "lat": 22.539, "lng": 88.367}, {"name": "Chittaranjan Hospital", "sequence": 2, "lat": 22.5252694, "lng": 88.3466423}, {"name": "CIT Road", "sequence": 3, "lat": 22.5431347, "lng": 88.35732114999999}, {"name": "Moulali", "sequence": 4, "lat": 22.561, "lng": 88.368}, {"name": "Wellington", "sequence": 5, "lat": 22.563, "lng": 88.359}, {"name": "Chandni Chowk", "sequence": 6, "lat": 22.567, "lng": 88.352}, {"name": "Esplanade", "sequence": 7, "lat": 22.5645, "lng": 88.351}, {"name": "BBD Bag", "sequence": 8, "lat": 22.5697, "lng": 88.3486}, {"name": "Barabazar", "sequence": 9, "lat": 22.576, "lng": 88.353}, {"name": "Howrah Station", "sequence": 10, "lat": 22.5838, "lng": 88.3426}, {"name": "Howrah Maidan", "sequence": 11, "lat": 22.589, "lng": 88.334}], "origin": "Park Circus", "destination": "Howrah Maidan"}}, {"type": "Feature", "geometry": {"type": "LineString", "coordinates": [[88.432, 22.576], [88.4308135, 22.5690146], [88.429, 22.577], [88.4266991, 22.5789982], [88.417, 22.578], [88.41926135, 22.587542], [88.4215227, 22.597084], [88.41082779999999, 22.5943703], [88.41160365, 22.5866176], [88.399, 22.591], [88.383, 22.595], [88.372, 22.5945], [88.367, 22.598], [88.3532985, 22.5963972], [88.35319899999999, 22.589598133333332], [88.3530995, 22.582799066666666], [88.353, 22.576], [88.3426, 22.5838], [88.334, 22.589], [88.328, 22.586], [88.32, 22.585], [88.315, 22.586], [88.3015, 22.5915], [88.302, 22.595], [88.324035, 22.598577]]}, "properties": {"id": "Sector V Tikiapara Mini|Tikiapara|mini", "code": "Sector V Tikiapara Mini", "kind": "mini", "scope": "local", "towards": "Tikiapara", "directional": true, "stop_count": 26, "geocoded_stops": 25, "coverage": 0.962, "geom_source": "straight", "stops": [{"name": "Sector V", "sequence": 1, "lat": 22.576, "lng": 88.432}, {"name": "SDF", "sequence": 2, "lat": 22.5690146, "lng": 88.4308135}, {"name": "College More", "sequence": 3, "lat": 22.577, "lng": 88.429}, {"name": "Wipro", "sequence": 4, "lat": 22.5789982, "lng": 88.4266991}, {"name": "Karunamoyee", "sequence": 5, "lat": 22.578, "lng": 88.417}, {"name": "Purta Bhawan", "sequence": 6, "lat": 22.587542, "lng": 88.41926135}, {"name": "Baisakhi", "sequence": 7, "lat": 22.597084, "lng": 88.4215227}, {"name": "Saltlake 4no Tank", "sequence": 8, "lat": 22.5943703, "lng": 88.41082779999999}, {"name": "Saltlake PNB", "sequence": 9, "lat": 22.5866176, "lng": 88.41160365}, {"name": "Ultadanga", "sequence": 10, "lat": 22.591, "lng": 88.399}, {"name": "Khanna Cinema", "sequence": 11, "lat": 22.595, "lng": 88.383}, {"name": "Hatibagan", "sequence": 12, "lat": 22.5945, "lng": 88.372}, {"name": "Sovabazar", "sequence": 13, "lat": 22.598, "lng": 88.367}, {"name": "Ahiritola", "sequence": 15, "lat": 22.5963972, "lng": 88.3532985}, {"name": "Jorabagan", "sequence": 16, "lat": 22.589598133333332, "lng": 88.35319899999999}, {"name": "Malapara", "sequence": 17, "lat": 22.582799066666666, "lng": 88.3530995}, {"name": "Barabazar", "sequence": 18, "lat": 22.576, "lng": 88.353}, {"name": "Howrah Station", "sequence": 19, "lat": 22.5838, "lng": 88.3426}, {"name": "Howrah Maidan", "sequence": 20, "lat": 22.589, "lng": 88.334}, {"name": "Panchanantala", "sequence": 21, "lat": 22.586, "lng": 88.328}, {"name": "Power House", "sequence": 22, "lat": 22.585, "lng": 88.32}, {"name": "Kadamtala", "sequence": 23, "lat": 22.586, "lng": 88.315}, {"name": "Ichapur", "sequence": 24, "lat": 22.5915, "lng": 88.3015}, {"name": "Shanpur", "sequence": 25, "lat": 22.595, "lng": 88.302}, {"name": "Tikiapara", "sequence": 26, "lat": 22.598577, "lng": 88.324035}], "origin": "Sector V", "destination": "Tikiapara"}}, {"type": "Feature", "geometry": {"type": "LineString", "coordinates": [[88.351, 22.5645], [88.3396621, 22.5650989], [88.353, 22.576], [88.3426, 22.5838], [88.33200000000001, 22.589], [88.333, 22.587], [88.328, 22.589], [88.33, 22.589], [88.385, 22.601], [88.33850000000001, 22.5965], [88.292, 22.592], [88.3304227, 22.593359866666667], [88.3688454, 22.59471973333333], [88.38474755, 22.549683666666667], [88.2669537, 22.659215]]}, "properties": {"id": "Esplanade Baluhati Mini|Baluhati|mini", "code": "Esplanade Baluhati Mini", "kind": "mini", "scope": "local", "towards": "Baluhati", "directional": true, "stop_count": 16, "geocoded_stops": 15, "coverage": 0.938, "geom_source": "straight", "stops": [{"name": "Esplanade", "sequence": 1, "lat": 22.5645, "lng": 88.351}, {"name": "Babughat", "sequence": 2, "lat": 22.5650989, "lng": 88.3396621}, {"name": "Barabazar", "sequence": 3, "lat": 22.576, "lng": 88.353}, {"name": "Howrah Station", "sequence": 4, "lat": 22.5838, "lng": 88.3426}, {"name": "Pilkhana", "sequence": 5, "lat": 22.589, "lng": 88.33200000000001}, {"name": "Golabarai PS", "sequence": 6, "lat": 22.587, "lng": 88.333}, {"name": "Bandha Ghat", "sequence": 7, "lat": 22.589, "lng": 88.328}, {"name": "Salkia Chowrasta", "sequence": 8, "lat": 22.589, "lng": 88.33}, {"name": "Belgachia", "sequence": 10, "lat": 22.601, "lng": 88.385}, {"name": "Biradingi", "sequence": 11, "lat": 22.5965, "lng": 88.33850000000001}, {"name": "Kona", "sequence": 12, "lat": 22.592, "lng": 88.292}, {"name": "Eksara", "sequence": 13, "lat": 22.593359866666667, "lng": 88.3304227}, {"name": "Chamrail", "sequence": 14, "lat": 22.59471973333333, "lng": 88.3688454}, {"name": "Jagadishpur", "sequence": 15, "lat": 22.549683666666667, "lng": 88.38474755}, {"name": "Baluhati", "sequence": 16, "lat": 22.659215, "lng": 88.2669537}], "origin": "Esplanade", "destination": "Baluhati"}}, {"type": "Feature", "geometry": {"type": "LineString", "coordinates": [[88.347, 22.544], [88.346, 22.553], [88.352, 22.553], [88.351, 22.5645], [88.3486, 22.5697], [88.353, 22.576], [88.3426, 22.5838], [88.334, 22.589]]}, "properties": {"id": "Rabindra Sadan Howrah Maidan Mini|Howrah Maidan|mini", "code": "Rabindra Sadan Howrah Maidan Mini", "kind": "mini", "scope": "local", "towards": "Howrah Maidan", "directional": true, "stop_count": 8, "geocoded_stops": 8, "coverage": 1.0, "geom_source": "straight", "stops": [{"name": "Rabindra Sadan", "sequence": 1, "lat": 22.544, "lng": 88.347}, {"name": "Maidan", "sequence": 2, "lat": 22.553, "lng": 88.346}, {"name": "Park Street", "sequence": 3, "lat": 22.553, "lng": 88.352}, {"name": "Esplanade", "sequence": 4, "lat": 22.5645, "lng": 88.351}, {"name": "BBD Bag", "sequence": 5, "lat": 22.5697, "lng": 88.3486}, {"name": "Barabazar", "sequence": 6, "lat": 22.576, "lng": 88.353}, {"name": "Howrah Station", "sequence": 7, "lat": 22.5838, "lng": 88.3426}, {"name": "Howrah Maidan", "sequence": 8, "lat": 22.589, "lng": 88.334}], "origin": "Rabindra Sadan", "destination": "Howrah Maidan"}}, {"type": "Feature", "geometry": {"type": "LineString", "coordinates": [[88.3426, 22.5838], [88.334, 22.589], [88.328, 22.586], [88.32, 22.585], [88.315, 22.586], [88.3015, 22.5915], [88.302, 22.595], [88.306, 22.598], [88.2961287, 22.6094016], [88.42612, 22.5790355], [88.37606456666666, 22.662599716666666], [88.32600913333333, 22.74616393333333], [88.28134576666667, 22.687426066666667], [88.2366824, 22.6286882], [88.265, 22.635], [88.2726692, 22.6314141]]}, "properties": {"id": "Howrah Station Purash Mini|Purash|mini", "code": "Howrah Station Purash Mini", "kind": "mini", "scope": "local", "towards": "Purash", "directional": true, "stop_count": 19, "geocoded_stops": 16, "coverage": 0.842, "geom_source": "straight", "stops": [{"name": "Howrah Station", "sequence": 1, "lat": 22.5838, "lng": 88.3426}, {"name": "Howrah Maidan", "sequence": 2, "lat": 22.589, "lng": 88.334}, {"name": "Panchanantala", "sequence": 3, "lat": 22.586, "lng": 88.328}, {"name": "Power House", "sequence": 4, "lat": 22.585, "lng": 88.32}, {"name": "Kadamtala", "sequence": 5, "lat": 22.586, "lng": 88.315}, {"name": "Ichapur", "sequence": 6, "lat": 22.5915, "lng": 88.3015}, {"name": "Shanpur", "sequence": 7, "lat": 22.595, "lng": 88.302}, {"name": "Dasnagar", "sequence": 8, "lat": 22.598, "lng": 88.306}, {"name": "Baltikuri", "sequence": 9, "lat": 22.6094016, "lng": 88.2961287}, {"name": "Japani Gate", "sequence": 10, "lat": 22.5790355, "lng": 88.42612}, {"name": "Bankra Bazar", "sequence": 11, "lat": 22.662599716666666, "lng": 88.37606456666666}, {"name": "Salap", "sequence": 12, "lat": 22.74616393333333, "lng": 88.32600913333333}, {"name": "Katlia", "sequence": 13, "lat": 22.687426066666667, "lng": 88.28134576666667}, {"name": "Makardaha", "sequence": 14, "lat": 22.6286882, "lng": 88.2366824}, {"name": "Domjur", "sequence": 15, "lat": 22.635, "lng": 88.265}, {"name": "Munshirhat", "sequence": 17, "lat": 22.6314141, "lng": 88.2726692}], "origin": "Howrah Station", "destination": "Purash"}}, {"type": "Feature", "geometry": {"type": "LineString", "coordinates": [[88.3426, 22.5838], [88.334, 22.589], [88.328, 22.586], [88.32, 22.585], [88.315, 22.586], [88.3015, 22.5915], [88.302, 22.595], [88.306, 22.598], [88.2961287, 22.6094016], [88.42612, 22.5790355], [88.37606456666666, 22.662599716666666], [88.32600913333333, 22.74616393333333], [88.28134576666667, 22.687426066666667], [88.2366824, 22.6286882], [88.265, 22.635], [88.1380703, 22.6667486]]}, "properties": {"id": "Howrah Station Hantal Mini|Hantal|mini", "code": "Howrah Station Hantal Mini", "kind": "mini", "scope": "local", "towards": "Hantal", "directional": true, "stop_count": 17, "geocoded_stops": 16, "coverage": 0.941, "geom_source": "straight", "stops": [{"name": "Howrah Station", "sequence": 1, "lat": 22.5838, "lng": 88.3426}, {"name": "Howrah Maidan", "sequence": 2, "lat": 22.589, "lng": 88.334}, {"name": "Panchanantala", "sequence": 3, "lat": 22.586, "lng": 88.328}, {"name": "Power House", "sequence": 4, "lat": 22.585, "lng": 88.32}, {"name": "Kadamtala", "sequence": 5, "lat": 22.586, "lng": 88.315}, {"name": "Ichapur", "sequence": 6, "lat": 22.5915, "lng": 88.3015}, {"name": "Shanpur", "sequence": 7, "lat": 22.595, "lng": 88.302}, {"name": "Dasnagar", "sequence": 8, "lat": 22.598, "lng": 88.306}, {"name": "Baltikuri", "sequence": 9, "lat": 22.6094016, "lng": 88.2961287}, {"name": "Japani Gate", "sequence": 10, "lat": 22.5790355, "lng": 88.42612}, {"name": "Bankra Bazar", "sequence": 11, "lat": 22.662599716666666, "lng": 88.37606456666666}, {"name": "Salap", "sequence": 12, "lat": 22.74616393333333, "lng": 88.32600913333333}, {"name": "Katlia", "sequence": 13, "lat": 22.687426066666667, "lng": 88.28134576666667}, {"name": "Makardaha", "sequence": 14, "lat": 22.6286882, "lng": 88.2366824}, {"name": "Domjur", "sequence": 15, "lat": 22.635, "lng": 88.265}, {"name": "Bargachia", "sequence": 16, "lat": 22.6667486, "lng": 88.1380703}], "origin": "Howrah Station", "destination": "Hantal"}}, {"type": "Feature", "geometry": {"type": "LineString", "coordinates": [[88.351, 22.5645], [88.3396621, 22.5650989], [88.353, 22.576], [88.3426, 22.5838], [88.334, 22.589], [88.328, 22.586], [88.32, 22.585], [88.315, 22.586], [88.3015, 22.5915], [88.302, 22.595], [88.306, 22.598]]}, "properties": {"id": "Esplanade Dasnagar Mini|Dasnagar|mini", "code": "Esplanade Dasnagar Mini", "kind": "mini", "scope": "local", "towards": "Dasnagar", "directional": true, "stop_count": 11, "geocoded_stops": 11, "coverage": 1.0, "geom_source": "straight", "stops": [{"name": "Esplanade", "sequence": 1, "lat": 22.5645, "lng": 88.351}, {"name": "Babughat", "sequence": 2, "lat": 22.5650989, "lng": 88.3396621}, {"name": "Barabazar", "sequence": 3, "lat": 22.576, "lng": 88.353}, {"name": "Howrah Station", "sequence": 4, "lat": 22.5838, "lng": 88.3426}, {"name": "Howrah Maidan", "sequence": 5, "lat": 22.589, "lng": 88.334}, {"name": "Panchanantala", "sequence": 6, "lat": 22.586, "lng": 88.328}, {"name": "Power House", "sequence": 7, "lat": 22.585, "lng": 88.32}, {"name": "Kadamtala", "sequence": 8, "lat": 22.586, "lng": 88.315}, {"name": "Ichapur", "sequence": 9, "lat": 22.5915, "lng": 88.3015}, {"name": "Shanpur", "sequence": 10, "lat": 22.595, "lng": 88.302}, {"name": "Dasnagar", "sequence": 11, "lat": 22.598, "lng": 88.306}], "origin": "Esplanade", "destination": "Dasnagar"}}, {"type": "Feature", "geometry": {"type": "LineString", "coordinates": [[88.351, 22.5645], [88.3396621, 22.5650989], [88.353, 22.576], [88.3426, 22.5838], [88.33200000000001, 22.589], [88.333, 22.587], [88.328, 22.589], [88.33, 22.589], [88.3054766, 22.6327475]]}, "properties": {"id": "Esplanade Bhattanagar Mini|Bhattanagar|mini", "code": "Esplanade Bhattanagar Mini", "kind": "mini", "scope": "local", "towards": "Bhattanagar", "directional": true, "stop_count": 11, "geocoded_stops": 9, "coverage": 0.818, "geom_source": "straight", "stops": [{"name": "Esplanade", "sequence": 1, "lat": 22.5645, "lng": 88.351}, {"name": "Babughat", "sequence": 2, "lat": 22.5650989, "lng": 88.3396621}, {"name": "Barabazar", "sequence": 3, "lat": 22.576, "lng": 88.353}, {"name": "Howrah Station", "sequence": 4, "lat": 22.5838, "lng": 88.3426}, {"name": "Pilkhana", "sequence": 5, "lat": 22.589, "lng": 88.33200000000001}, {"name": "Golabarai PS", "sequence": 6, "lat": 22.587, "lng": 88.333}, {"name": "Bandha Ghat", "sequence": 7, "lat": 22.589, "lng": 88.328}, {"name": "Salkia Chowrasta", "sequence": 8, "lat": 22.589, "lng": 88.33}, {"name": "Bhattanagar", "sequence": 11, "lat": 22.6327475, "lng": 88.3054766}], "origin": "Esplanade", "destination": "Bhattanagar"}}]}